/*
SQLyog Community v13.1.5  (64 bit)
MySQL - 10.3.16-MariaDB : Database - bdproyect
*********************************************************************
*/

/*!40101 SET NAMES utf8 */;

/*!40101 SET SQL_MODE=''*/;

/*!40014 SET @OLD_UNIQUE_CHECKS=@@UNIQUE_CHECKS, UNIQUE_CHECKS=0 */;
/*!40014 SET @OLD_FOREIGN_KEY_CHECKS=@@FOREIGN_KEY_CHECKS, FOREIGN_KEY_CHECKS=0 */;
/*!40101 SET @OLD_SQL_MODE=@@SQL_MODE, SQL_MODE='NO_AUTO_VALUE_ON_ZERO' */;
/*!40111 SET @OLD_SQL_NOTES=@@SQL_NOTES, SQL_NOTES=0 */;
CREATE DATABASE /*!32312 IF NOT EXISTS*/`bdproyect` /*!40100 DEFAULT CHARACTER SET utf8 */;

USE `bdproyect`;

/*Table structure for table `canales` */

DROP TABLE IF EXISTS `canales`;

CREATE TABLE `canales` (
  `Id_Canal` int(11) NOT NULL AUTO_INCREMENT,
  `Nombre` varchar(100) DEFAULT NULL,
  `Descripcion` longtext DEFAULT NULL,
  PRIMARY KEY (`Id_Canal`)
) ENGINE=InnoDB AUTO_INCREMENT=7 DEFAULT CHARSET=utf8;

/*Data for the table `canales` */

insert  into `canales`(`Id_Canal`,`Nombre`,`Descripcion`) values 
(1,'Cafe','Para tomar cafe'),
(2,'Futbolin','Para jugar al futbolin'),
(3,'Ping-Pong','Para jugar al ping-pong'),
(4,'Fumar','Para fumar'),
(5,'PHP','Cursado PHP'),
(6,'Java','Cursado Java');

/*Table structure for table `conversa` */

DROP TABLE IF EXISTS `conversa`;

CREATE TABLE `conversa` (
  `Id` int(11) NOT NULL AUTO_INCREMENT,
  `Id_Us` int(11) DEFAULT NULL,
  `Id_Canal` int(11) DEFAULT NULL,
  `Mensaje` longtext DEFAULT NULL,
  `Fecha` datetime DEFAULT NULL,
  PRIMARY KEY (`Id`),
  KEY `Id_Us` (`Id_Us`),
  KEY `Id_Canal` (`Id_Canal`),
  CONSTRAINT `conversa_ibfk_1` FOREIGN KEY (`Id_Us`) REFERENCES `usuarios` (`Id_Us`),
  CONSTRAINT `conversa_ibfk_2` FOREIGN KEY (`Id_Canal`) REFERENCES `canales` (`Id_Canal`)
) ENGINE=InnoDB AUTO_INCREMENT=98 DEFAULT CHARSET=utf8;

/*Data for the table `conversa` */

insert  into `conversa`(`Id`,`Id_Us`,`Id_Canal`,`Mensaje`,`Fecha`) values 
(4,1,1,'holaaaaa','2019-08-26 11:54:52'),
(5,1,1,'qqqqqqqqqqqqqqqqqq','2019-08-26 11:55:16'),
(6,NULL,1,'www','2019-08-27 12:14:30'),
(7,NULL,1,'www','2019-08-27 12:14:42'),
(8,NULL,1,'www','2019-08-27 12:15:58'),
(9,NULL,1,'www','2019-08-27 12:16:11'),
(10,NULL,1,'www','2019-08-27 12:17:17'),
(11,NULL,1,'www','2019-08-27 12:17:29'),
(12,NULL,1,'www','2019-08-27 12:20:05'),
(13,NULL,1,'www','2019-08-27 12:20:13'),
(14,NULL,1,'kkkk','2019-08-27 12:22:00'),
(15,NULL,1,'kkkk','2019-08-27 12:22:07'),
(16,NULL,1,'yyyy','2019-08-27 12:23:56'),
(17,NULL,1,'yyyy','2019-08-27 12:24:03'),
(18,NULL,1,'yyyy','2019-08-27 12:24:10'),
(19,NULL,1,'yyyy','2019-08-27 12:24:17'),
(20,NULL,1,'yyyy','2019-08-27 12:24:23'),
(21,NULL,1,'yyyy','2019-08-27 12:24:30'),
(22,NULL,1,'yyyy','2019-08-27 12:24:36'),
(23,NULL,1,'yyyy','2019-08-27 12:24:42'),
(24,NULL,1,'yyyy','2019-08-27 12:24:48'),
(25,NULL,1,'yyyy','2019-08-27 12:24:54'),
(26,NULL,1,'z','2019-08-27 12:28:18'),
(27,NULL,1,'z','2019-08-27 12:28:25'),
(28,NULL,1,'o','2019-08-27 12:32:51'),
(29,NULL,1,'o','2019-08-27 12:32:58'),
(30,NULL,1,'o','2019-08-27 12:33:05'),
(31,NULL,1,'yy','2019-08-27 12:34:30'),
(32,1,1,'setusuario','2019-08-27 12:47:03'),
(33,1,1,'mensaje','2019-08-27 12:48:21'),
(34,1,1,'rabo','2019-08-27 12:59:19'),
(35,1,1,'ttt','2019-08-27 13:02:39'),
(36,1,1,'qqqq','2019-08-27 13:03:09'),
(37,1,1,'feswdsfsdfg','2019-08-27 13:06:24'),
(38,1,1,'nuevo','2019-08-27 13:09:06'),
(39,1,1,'hhh','2019-08-27 13:36:24'),
(40,1,1,'fff','2019-08-27 13:36:54'),
(41,1,1,'aaa','2019-08-27 13:38:26'),
(42,1,1,'111','2019-08-27 13:42:02'),
(43,1,1,'444','2019-08-27 13:43:03'),
(44,1,1,'222','2019-08-27 13:45:45'),
(45,1,1,'888','2019-08-27 13:46:32'),
(46,1,1,'eeeee','2019-08-27 13:52:04'),
(47,1,1,'tttttttttttttt','2019-08-27 13:53:56'),
(48,1,3,'uuuuuuuuuuuu','2019-08-27 13:55:06'),
(49,1,1,'hola chicos','2019-08-28 08:36:28'),
(50,4,4,'fewfoi','2019-08-28 08:46:36'),
(51,4,4,'Hola alan','2019-08-28 08:50:29'),
(52,1,4,'que pasa','2019-08-28 08:51:02'),
(53,4,4,'fghfghfg','2019-08-28 08:55:14'),
(54,4,1,'un cafe','2019-08-28 08:55:25'),
(55,4,4,'buenos dias','2019-08-28 08:55:36'),
(56,4,4,'vamos a fumar','2019-08-28 08:56:14'),
(57,4,4,'en el descanso','2019-08-28 08:57:29'),
(58,4,4,'grete','2019-08-28 09:23:48'),
(59,4,4,'ertret','2019-08-28 09:29:58'),
(60,4,4,'erwerwer','2019-08-28 09:30:22'),
(61,4,3,'hhhhhhhhhhhh','2019-08-28 09:41:03'),
(62,4,3,'duyyu','2019-08-28 10:02:05'),
(63,4,3,'tyutyuytu','2019-08-28 10:03:03'),
(64,4,6,'Hola','2019-08-28 10:11:07'),
(65,4,5,'ghvj','2019-08-28 10:33:00'),
(66,4,2,'fff','2019-08-28 11:50:30'),
(67,4,1,'retetre','2019-08-28 11:51:44'),
(68,4,1,'rrr','2019-08-28 11:53:49'),
(69,4,2,'undefined','2019-08-28 11:56:57'),
(70,4,2,'undefined','2019-08-28 12:09:02'),
(71,4,3,'thfgjhfg','2019-08-28 12:09:53'),
(72,4,3,'yjghjghjh','2019-08-28 12:10:12'),
(73,4,2,'ytryeryter','2019-08-28 12:12:29'),
(74,4,2,'wretetr','2019-08-28 12:12:45'),
(75,4,2,'rgdfgfd','2019-08-28 12:13:45'),
(76,4,2,'uygfjug','2019-08-28 12:15:12'),
(77,4,2,'esdgdf','2019-08-28 12:15:27'),
(78,4,2,'w4rter','2019-08-28 12:15:45'),
(79,4,2,'gtdfgfd','2019-08-28 12:17:02'),
(80,4,4,'gggg','2019-08-28 12:18:29'),
(81,4,2,'treytret','2019-08-28 12:20:30'),
(82,4,3,'6uytutyu','2019-08-28 12:23:19'),
(83,4,3,'tytyjytj','2019-08-28 12:25:23'),
(84,4,3,'ghdh','2019-08-28 12:26:17'),
(85,4,2,'yjujyj','2019-08-28 12:28:24'),
(86,4,3,'fffffffffffffffffffffff','2019-08-28 12:30:33'),
(87,4,3,'kkk','2019-08-28 13:40:30'),
(88,1,1,'rtertr','2019-08-29 09:02:41'),
(89,2,6,'h','2019-08-29 10:13:21'),
(90,1,6,'holaaa','2019-08-29 11:34:51'),
(91,1,6,'adios','2019-08-29 11:35:12'),
(92,1,6,'we','2019-08-29 11:35:47'),
(93,1,6,'Pruebaerwer','2019-08-29 11:37:38'),
(94,1,6,'qqq','2019-08-29 11:37:58'),
(95,1,6,'prueba','2019-08-29 11:40:33'),
(96,1,6,'otro','2019-08-29 11:40:58'),
(97,1,1,'hola k ase con el wasa en claseee','2019-08-29 11:57:35');

/*Table structure for table `migration_versions` */

DROP TABLE IF EXISTS `migration_versions`;

CREATE TABLE `migration_versions` (
  `version` varchar(14) COLLATE utf8mb4_unicode_ci NOT NULL,
  `executed_at` datetime NOT NULL COMMENT '(DC2Type:datetime_immutable)',
  PRIMARY KEY (`version`)
) ENGINE=InnoDB DEFAULT CHARSET=utf8mb4 COLLATE=utf8mb4_unicode_ci;

/*Data for the table `migration_versions` */

/*Table structure for table `u_c` */

DROP TABLE IF EXISTS `u_c`;

CREATE TABLE `u_c` (
  `Id_Us` int(11) DEFAULT NULL,
  `Id_Canal` int(11) DEFAULT NULL,
  `Id_UC` int(11) NOT NULL AUTO_INCREMENT,
  PRIMARY KEY (`Id_UC`),
  UNIQUE KEY `unique` (`Id_Us`,`Id_Canal`),
  KEY `us` (`Id_Us`),
  KEY `ca` (`Id_Canal`),
  CONSTRAINT `ca-pk` FOREIGN KEY (`Id_Canal`) REFERENCES `canales` (`Id_Canal`) ON DELETE CASCADE ON UPDATE CASCADE,
  CONSTRAINT `us-pk` FOREIGN KEY (`Id_Us`) REFERENCES `usuarios` (`Id_Us`) ON DELETE CASCADE ON UPDATE CASCADE
) ENGINE=InnoDB AUTO_INCREMENT=29 DEFAULT CHARSET=utf8;

/*Data for the table `u_c` */

insert  into `u_c`(`Id_Us`,`Id_Canal`,`Id_UC`) values 
(NULL,6,16),
(1,3,28),
(1,4,25),
(1,5,24),
(1,6,17),
(2,6,26);

/*Table structure for table `usuarios` */

DROP TABLE IF EXISTS `usuarios`;

CREATE TABLE `usuarios` (
  `Id_Us` int(11) NOT NULL AUTO_INCREMENT,
  `Correo` varchar(100) NOT NULL,
  `Password` varchar(100) NOT NULL,
  `Nombre` varchar(100) DEFAULT NULL,
  `Apellidos` varchar(100) DEFAULT NULL,
  `Puesto` varchar(100) DEFAULT NULL,
  `Conocimientos` longtext DEFAULT NULL,
  `Aficiones` longtext DEFAULT NULL,
  `Foto` varchar(100) DEFAULT NULL,
  `Fecha_Nac` date DEFAULT NULL,
  `Fecha_Ult_Con` datetime DEFAULT NULL,
  `foto_archivo` blob DEFAULT NULL,
  PRIMARY KEY (`Id_Us`),
  UNIQUE KEY `idx_usu_correo` (`Correo`)
) ENGINE=InnoDB AUTO_INCREMENT=6 DEFAULT CHARSET=utf8;

/*Data for the table `usuarios` */

insert  into `usuarios`(`Id_Us`,`Correo`,`Password`,`Nombre`,`Apellidos`,`Puesto`,`Conocimientos`,`Aficiones`,`Foto`,`Fecha_Nac`,`Fecha_Ult_Con`,`foto_archivo`) values 
(1,'alan@mail.com','$2y$13$TGA2FnaqkBpNsAu8jxHFl.zy0I8.G1iadX5poYkoVWe1XXAWDt7dy','Sandra','Bel','Desarrollador','basket php java html','futbol','https://www.okchicas.com/wp-content/uploads/2018/01/Poses-para-una-buena-foto-de-perfil-1-1.jpg','2019-08-07',NULL,'\0JFIF\0\0`\0`\0\0\0C\0		\n\n\r\n\n	\r\0C\0\\3\"\0\0\0\0\0\0\0\0\0\0\0\0	\n\0\0\0\0}\0!1AQa\"q2#BR$3br	\n\Z%&\'()*456789:CDEFGHIJSTUVWXYZcdefghijstuvwxyz\0\0\0\0\0\0\0\0	\n\0\0\0w\0!1AQaq\"2B	#3Rbr\n$4%\Z&\'()*56789:CDEFGHIJSTUVWXYZcdefghijstuvwxyz\0\0\0?\0(\0(\0(\0(\0(\0(\0(\0(\0(){_ط.\nwt#aXDOos) G$gvW<t#u\0ca\0\"^ i_L\0{-!xdsǌO}_Zngn9ͱb9)Bnϵm\0?\0kL,/s\0Un~.]EO<\0i_h~a=tbO$vy/2ſW3	oXE\0)? |;j\0|S!ƅ0d]5򎇡$w,g#&8lFBOb\0\">\0|KvtOu\0j\nThK?bj#|FƦKANq]̱M]͜/T}7f\0;\0\0=&emX!?1_;i;rp=*ӊGzD\0yG}x; gK=MC:}\0گiuWOG쏩PSݭ\0^?Ft\0ӥ\0\0G~ J\Z?\0\0ׂCb\"OګCh\0)P\'JczO(GK\\ǵ\06O0*I#~ptogޠ<jӼ/\0S#<e%/g~?\0Tf}q֝c}(#}N۟F[}=R\'\rz\0ǼvXþ\\g$|qq4\01ًQdf<^A\0yvgxs\0\0){S][mT }cXj?{$_ο7\0oۓy|;\0,y>ͥzG=?ۃl?\0	[Q-l40\0oe@8vj`CLOG=um(x>)hl4\0\0+B\'o؝\09qkG/=z< 2\0ʞ_Ī[-\0WV\nMO#ԟ=V/č188\0S/\0,D۞Lr\"V2mޗ+\03թ>/U-6Z7\0S<A,}GN%yiDkO_}Zce:y2\0ʚCH\0\0WJT9>>Av Uek]ɇթ>7C1g9ԝp5\0~\0#tb^cZUЦOKo_^Ut\'\0B~:}I3O.\0[qҟj\033FDzM/Ni#I\0\0\r1	6W\0J$Rn=)}jPǡ/)\0M$\'\0RCIk҇\0<8U5=6IkMJ\0Rt?%ϲ8SDDCcBV)R[\0\r#g=t\'\0I\0\r#n\0]\'I\0ןC.G5_Y|z\ZѺ\'z\\I\0G!mɵҿܟ]yW\\k#EF/tz~A]+=\0u\'\0R\'Z[rK~Q?^x!K|QMW4bݷ%Moi]xԟ]Hf=t\'\0^}mGRW*.m~\Z\0m+I\0:3m3r?ɏOʤEԕ>e\'\0]/\0ү\rɵ\0\0뇼re{UX{GQT@Eodu[\0tAk{s]/\0\\4,}})Bnޟ*[q(v;CDkI9SkHO.]\0]p6d<tB>.[|D:3\0bOۧſL0t?ĸ;˯M>k^5	\nNwk\0PWnZM&݅QZ(\0(\0(\0(\0(\0(\0(\0(\0(\0(\0(\0(\0(\0(\0(\0(\0(\0(\0(\0GSulB5\0o쿠|Un)y_z~nk{#2M0e\r3J`x\Zg`Ǯq֛ecm2q޶`ZdQ\0gS[=9Z\'˜9JڊmPvTޢ\'r˾p7vWa5\\\0~5Pq0sZmCh~\\OBkA!%j~D\'չ>?\ZdkxæB<}j%\\r8\r1WU<HF(1<q@IQ?EC9nja\0\0:qV0qiD<4C$s:Tv\\q=wkNU1.bW#R8Z,̤VL\nRlϥ]F99ͺh?LH˴<¦)\ZߞGJ_>d?f{c=$Zm:\n&\\8Ȕ>2<Ӄ]##>n`VR߃VKjo`MI|:.2[SSG*LřC`L|\Zg5jc4\0HStsRaI)odx=*o/}o9\'m pjI$1E:<mD˲Cj0XW׽CmZM]P5TqDch+5ɏj	?J¡!sڛ)f^)\";A,%B)}sN7\'ӑK$/4\"4(z\0\"mLΐ4S?I2m&\nT8<H*9I\0\nZu#PO+O`P=ʹlƥeNf\nbsӑެCUV\'\'g}5fil	$M\n&uʣơ<I5.崘1bfx;5}ha\\)e(¯߅Ez%`E9橺A-[pe؞P$P\'4Q~9>C62?ԁYFwy9X##QG.q-nx`j\\S-Li95SGIß+\0t\0LU1_I\0x2W{?DySQE!EPEPEPEPEPEPEPEPEPEPEPEPEPEPEPEPEPEPEPʟW\r١/L[x>qk[\n38\0<LWgOYJkykjy,݁Gee$c洬Yn\0LWfzwb7ݤ\rHč=*{ջ}DH@۳׸ bqbU$=?Jz%tOZ,_E;Vi錌V إ+\\|RZ̼-cymc5sO؝Nu1K]I\r3V,cGB5n3bAZ,`=*EȦVml24FXS_z	4`g >2!<d8lSl;gt{\"FXE݌:S|ԐxiX-X]媔䎹3(Ҥo>Lm%Փ\rWa\\\'N*9ZhX	-Uƣ/ɴ~5b8w<p*$\'[q֨Vb}*Tv\0\Zm3>u9\"r:U]џAU<5j\'jO`!^j͓fMڠr?J2=J	9~8=s֤eo\\\Z\0\\E*I6㞘KpE0!ǵ6rMU me>bVI t8SC\'{1q%l{TiZirsх=n<ɛAVZ8O~w.{Fz):KdPa\\Ԋ.xiC&2nJ\neo)yNN{VadJO)r1k)y2Ze6kr~Y\0_#ƒ-fM 4-S]<J4Cc&ٸva*=N4eAÓ9UO7JB77V\rJg`1z\ZPTpßOmҪ|ӊ+-Ʉ!\n.֥E	Js&m>|\0Q^o_ej\0P\0^o_ej(\0>g0+BB(((((((((((((((((((rd\0IOo~\0Wo\0kȍXz`}k菩l̐?OdA?J-d7OK7enq^l/c ga;u)PKqv3HĒ9ه[XlX\\m8SX&θ>Ɲ=[rMooy\"&	<}iɍd<Tɲ%\0sV- y$r=ɨ\n\']	A޻1G*ͽS-jbX9q.0;էܛvO#K{y;ަӓL\Z[\':zPD~n2sh\"jFp@Roi#t[:j\Z,)>)v\0q늒 9<mnH\0H皒ldMZ!בVz=dv\'[34FyǼ#qV&VAjKqsHz\"]1A{$`xsڱu߉z?eEԬay9Uu\\f)6d:2Mt5);n:#WivbPȕ@_\0*|rzœb\'O#zmszgM^+%ƴIeis-jCZ4p3U[]N\"9pzT7Qf%u==S-js篭M<g]DL$O~kI\'|ZᏃ\0ZŶe!o.ǎǊѩ7_l#`=*KI\r2*}^\0!\0W߅~khvab}~5{F^G\Zny\nMh5(3^clu<29e-v?V([*0?:_Lo)EA;/s-*_\"xȊ;,R|\0_<WfP~x\\MrO[WS4zT9j-xz4!-&w\r*\'ΠcֱqD}i7,Hw&ߴi|91}C<ĖSQi\r-ߏA\"DǠi3IyvrGVbZ:-mC\\+miնZ{(\'Zv=Ԯ)9\Z}Ƭu\ZCmTaU*b|V={v>X	O_\\zSЕ`2pz;ҎTHi6I7Lw5iWhO=irLĎ\rY!bdSߞW-%~@=ꍡ\nά2xQ}ɯe8DXAI䇏==KB1e?\ntbx|ہϵ`zI`܏_ZCKhNo9펔?I\0xO2W~u(gOu_TDpaEVQ@Q@Q@Q@Q@Q@Q@Q@Q@Q@Q@Q@Q@Q@Q@Q@Q@Q@Q@2Vg}Pwd\\z\0\0!GPؼvΕoS\0_\00*$@L%?6x#!Oz\"n,8:WLKKrJ:UxH[P\'n|	⧱ȁ>c4-cyX38$T֛W+G7jݬC}ah\r[sM¬֋0RI*Q;֌V^Zc<GdZwh1v2!w\'ҧU\"ߦjC\" W(hE\\VP[1@hlV#Y7t֙veKg0pwcWuS3#t<yA\rډt$?psK:2T֠X7NQ#Q3W*X19R1\0\\=;ZZBdv΃\'i(&uS[oEqpyſ?o-q?1\0]{+\0~:^庅6C<FIʶBu4T5yx|S<kiC5 Cp>8lqk>%\0e|5Y4&Ć0s.y\\yYsܱ:`vq\Zq^M=ZhjgS2G> Dy紅\"T^1sԓҼ[\0j:םumsrzk{[A8O?hȱ\Z\0\Z]aug=P5+Z;K*b˻\\ƳGk\"g^^yLX5E1sР\"\\GՍ?º]	Cʚt,5LU{w^\ZqỘS]5 .ʏ	8}o\0\0[uȰm#90yg/%\\ăt)QI3\\nq_)A}Jn~!\0Y_I4#B~il?Lڿ.CtɂoWtg5-\ne.!1o\nw_h$B:pWa%C7v^)|a`:Ci$-#v+r\'|`\'\"[[\\;\nd!ǭ~U㯊j~0.b[<Iz^/O,]Ԅ:CHe7`5Qo#fz(+O[-n{K%\"Xm[p>\0\0N\0nڢfc$cmBvxW}ỻֺ8\0\rg_NC,))vrJJN-W;7=3ں)i`vYgJ$s_?Laj\"V=}Gyc!f&*\\uWi\0?˔\r\'\nm0xgk滽n\"Hr	(a?vkVltڔCɔ ViWL59ZqTmcs=l&7\\p:Ҽ+_KO\r24M:a\'*gtqOοkowk%f\05~_$(R7WH[y`s+F1%#=a)Z\'n\Z16\"+-OҬ\0>z>Z;95\rÙcK``pjZzϽDl6<Jd?)`pCQٟ8oh1G׎z	s==)E_(:7G3na\"jyQeZ˃EZR=yi\\&/ `֕xZe1wBdrpAQ!TEW\0֩ASV#\n} vl#Um̸Ub92p{i=bUzGʙȥȅ|\09\0~޿Ou_\09\0޿Ou_Q}OaEVQ@Q@Q@Q@Q@Q@Q@Q@Q@Q@Q@Q@Q@Q@Q@Q@Q@Q@Q@5SX\0	?Os_\nYFl9\0lG^! Ekt?9_-#r!.®5qHlˌu[hDL?yg,6U)j#Px|U2r{zc5Iw!ˢg#9Ԑ+uJSV\"yFa?.*7Bߠ;!~azS`Y#%ZVzΗ\0^h1!cA%eGZl;{UHI\0w ՛st4\rs}*_)\'.`١[E#MfgABƠOkc۷8ޮMɥ*%5J(H1W?x=Ȇ3as!2O뱱C7⏎=A+0R(4?l;0HɅGRǷ/\niex:ɾKp\0&K\niuMo>C%|Yێy-/|;sȯGU7|NK㯎լjחoI\0|\0\ny?خU*8}Jc\"W»ϊe$vrnzgNuJ\"\\՞j[\\00;͎ǲNÍ[Cdc\n3\"?LO١yCNcPq,9_J|5\0Xx~GwiՑ>\"{gh~bFdӬn2T8<YZ5...!XH\05aӒ\0UȮ[I\'Sˉ{\0V{ryb&	siiO+s`N+w7Oym@:2|3>$~ºoig35tz3M{ǟ\\4~\rF2\\)L6z?^xyd{[n<2Q=:|[v,VDT܃O\0}6$4&9<f9+إ5xa*S,0Z-f$̿?ijѵ/jq8v?o%nhw1}KKy@;83%bw!tV񚖨pL\0kYF;\\>*M\'˕<Q[Wi	?c}+Q3/	T	w3Co\\Vq[7ac楶\r\"v2eU*)Xnq\nј\"H9)\\-[< W4`Ư]qBHCא%y-\rYQ}z~En,@漳\\#xYooC\n#j+N4t<FG ,7ײ&$0þFp+\Z>>C\0::M,|F{\"*?߲ny^%v&ckyeCtI8I90QCS)5NayOŔIT,!.ͼ&\rɸz4k.6 \rGZkTBnc;[U$0VZ\"`c<vă;[Ve+1Sj:hZj Ǩ\';b8oY.\0zp=ug+ܲ;ґT99<ԋ>l\0J|Mb0jw9,G-T6wե\'ҩBۚ\nC,)gojYsIɠR.$\0{\0[Ο%\0z\0Eܥ/C\n($(\0(\0(\0(\0(\0(\0(\0(\0(\0(\0(\0(\0(\0(\0(\0(\0(\0(\0(\0\n&P 6Ux\0.\0z(?PÜ׵|?#s_!\0D}NSdnڦ=*\0]zg\ZƦd<qڭDn889y,w^-m}j\'I!}RdH}bmRƞ|jŒTOZ\n&Bq0*{x>q֔D,,^˚$a#fl88jOB\0Ո42{UFhCή*I*wx\"ُ>6SAaE_B*XϸқPnzTCu\018!mBE!jIԓڠ嫺\'=Rwu#h.˔\nY\0_+s~\nˡYJˮGdOj:5.\"#_?X\rk:Z^#I䅸Y89a}EtaV)Z+n|1ATvb[19by5s2	\\@.f:	#W~p	-0J⾢.z|<\n26e2lGBz٣xGOCc.8O_\r\' P#U1+׼-K+H\0k8G^KCG+˫:O,#DpM\0WiaoLdx\nam#+t:2v&\nz,~g]l~5\"x1we<W_gy[*OpXv-xRon`kW졢xk¡WAakjD]ҵb\\ş?6dTxC8>-~rxZ.)bRfK辝2=kWQ:&)27#9\0e-~ڤWm(դǡZTkV&ԡSӮpTKG$}io<%+J^nTWdĎbFzz\\xJK&%|O>\0/[_9\"pRN0yC>Fy\\ԏ{ƫnQ\'T}x/ t(qHkxLk\"1ja\0:eukgmFİ0ꎽ~z-MFTgzt}VIp#FP+֗ujm7m\'+O1J1\Z\"F$-XdN|,6Y&3\rIc,AڼUKȻ@\0zð]_|>%^]SUJԛEެuJvdnMq\n|?4[TF^\0$\n?{Ny{NIXu;!d_:n~Jx[Yա3F\0	d/(׉l4}x} Nlb\\/ib.Gׄ~![xL[o@W.$l2Zl^wb躛X͡^ZZ=ԇVLOw\0\0HR9!(bnMpӞgeZ|aZ-\r=-#hʓ59<v\"ۊ΂z6u돭\r\\b{*\0\'ԼR#EI)QKs\\OJH/Vsۏ4\0;MW٪?7^>5ʳ-CO]bL{E16Un@`\0J`ƦcM!Wjky<ڶէla\0=[[-\">STDCL{xW+\0t\0LU-_I\0s2W{sOaEVQ@Q@Q@Q@Q@Q@Q@Q@Q@Q@Q@Q@Q@Q@Q@Q@Q@Q@Q@;L1|H\09\0GRW?S2\'?\0IkXb]8g?/S\0m\0ah1U @ǰj\nzv-2y\' v5]}*xp:R%+>$уҢeiLb+KiK=j)%CJ=qV0SAܹ,M	\0cTn8B~SОPR؜d]G?-v⣀{U#>R3Tҝ+$힇?J4*[MJ*ø{RR8x5ᄤ{a8j$>S\\׈\"\ZeF1?;HGu<dTM5D9c;\r\0g\0\0b\0h{Kna`c(9l\0i<3!߷F95i7^>+4óO,Inuy3ZXʿ/w\rr5s^f|K%\\{<?+O%bI^7#|5KOE*V v)rkϖ<cNX^bGBMz|8@Q794xCpPJMB[;Lc|NZUᄴ`g#]ׇ4Hw\rL#]5A#=0pV>_e[qc8,	jV^Ou5$	n7ڼqLȫ/]8*r17\0Սׂ?:5F*Ψ#dòkRַeE&Dp+\\ǿWk&[OgK2l򣯚ȪFsͦf?qB-\Z*M6\\\\Za*^D\\W\'\ZM)kHgv\0@9>\'eOI[ҡ2ڒ¯O/1G}	W\'Vq\"Ìu+8bgNVESNokc`HAe8;k\"`Xp}_N\\LxG`8Ixa\'-<WakX]fVgnhe\Zmϰ\Z}^2|+ONkhܑ{\\?\Z[֮\"c\09U8]W\ZOS1bdo\\j27&Fr2O5{$ZL+o[s庄*ܰ! #WZJSʬ}Gc·~f\0h]ү#/5Rx-7\\$pl=\0WF-^ZǗ`7=q~~zxwE#gHK?x>bqXV)#Tw{&O)_|#4LJ*R?\0|OkB?5Xx\"?w毥l%_0YޙzW3?z\'m}[ZȤcןG[=ONbGFEܾ_Kf^w^Ծ]b猠σQ{WYLor\"V9+ӶbLO<MP zӉAm0TQ))J\'J\0s]J%X=;Yl>v稩FPzc5=.y秵D3֭ĻrDQic\0=XAQ-.Qlg;-.7lqjcnJ-Q?InlSbausPx5&	$yWoz¾\0-~W?m]oC\0d\0LU1^/z݅QZ(\0(\0(\0(\0(\0(\0(\0(\0(\0(\0(\0(\0(\0(\0(\0(\0(\0(\0(\0\nl\0?Os_}nF#WۿR3HQB^%XMWg?/S\08rȡ-Q2jHv}$Vcbu=\'=0ҭ _UGV.c;\n\"*[&nz27fcx=GI.Obx9nz^)9O\Zo>*oSQA8RUUhhJ;y<Pn8R?*	46Yr7|YРc4\09 (_*\0P|\'-͗w7Lۣ\\sŷdTWV{G\'Rg]GYg	ii\'\ny{/h\\xkӪ|ljƁgH~o;z$S^0xT<1Aq+\';EymX!Mıs{\\<w<,Ҿ%X\'Fw02XW	$ut\\GڛkZ˕	iiVI#nuw8ӍƧ*MYᳬ[\"B87:E\rg>Ō>Xظ\n8~q~yo3\rֿS<GiF_F,\'`c!e,O#Ur숪GvKF{*g[|[$j߶GZiyحڵ+1lvkt[ج_5JTzs7bUg.KᶍTyhI A\'|{_h[x܈eRv:]-G\r\';#>5\0A<oPxKd_5f_\0Y_~ǚq /*_<IaSӯ^/4>:ҋocӾy#yG\04YG{\0-nN3=*N]B+՟,2\0iϋ\0z\'*DK3CQu^;sxWаbD-nPv,+p85\"5کӞ<]hc=^]UھX+3_%~߳%O|9#MZl\" vӤ=7@#=/ž\nN#L}Pe~^8gk}@:^D#i?ZƵbޚO?Z}:curoDF-/;;d{W7BS~oOm|}GSBhCY-ra//{![Mng}:>aj9F5Ք9:R9sx۾n{Kg.{W|I6y\"́_oWh]	kfh;i}V\n-7OZ}%ipjڲ\"[Gzg\Zc s_|8{~ItY@ٿᬚo&Զx<1X4~¾w2=ܮzϝuX\0ls<_\\i)o%FuPx\\ckp=H0!ۃbS\0g]nHķphLR+_N/4Jldd%8\0g9 vrٻXnɳ֖fc42aݑJVkhvp Vsa\0?Zms<FɁx<?u&ϜB\\0v84bH ezt9ugQXg?-+)]Xf*twLSq7f7Q~w\01dWIY~}\0pSC5-v5l?LfFlԮ*tHG)!\n˚%b}zhC70U$n	4ř\0lJ93!Ҭ%$㨠H3*뚿<[XNր%Cr\\qQhY/ dt{<	66\0]oA\0d\0LU1_I\0s\0Fkۥ/CQEh (\0(\0(\0(\0(\0(\0(\0(\0(\0(\0(\0(\0(\0(\0(\0(\0(\0(\0()\\?F;Џ-i\0|@>^\0kO)B{kz\0\Ztd#?{eג>)\0wL)~5oI-a9֮io9ZF[xXc/d1<*ʫ\'ʸ4]V-Cr#)1`GN7~5b\r;Pb˂)LFyqDCSf])> r1A4w4܁N7k}qMP!pn>Uo&yf~GlՋ]Qn%Il@O\\)΃6X33JЧs<[x߈м5K\"7\0{l|=c\0W+ĉ6n38(|K?g\0F(doIXkⷍ]W3Eo1<ֻ.uyٍe\n\\ݜ=eB\r3ӽG}S>R$Z-WU{L@W-Wr-xr819KZCiL[Yq]N=2sZ\'b	cd$c-+9r6zm4B/<osxpzWׄfżQ{\n1]M\"#\0]3@ԡӬVi#\nW6)#uC\nw^A>(<_(ρ>]y~Hw?n?:#/txbhurgڽ\ZRV>sG|N/:5\Z݉)W]hƺ֥x56=_9toK3ig_kܧPb2irEXxaJ~q\\&Xa9x-B]8NΜ\\jk\Z0t\\T\\ѣ\\Ďb99{W%N\n3Yjpq^׳<WQwmk1okD>U^?ӝ̹s^5zDNҾ[\r7\n2ɹ%X\'D?|\'NC{t=N=Mtch<n>9\0W~5\rkM}PXK͒/&\08+@x]Ҽ{m7QnmҔqv{,*	s	ѧ\'_VFQ}gK\Z\'V*7wQ_߰\'ǟ/\nGf\r[z῅dwm6@|9<}kwG1cEƠ`]Um\ZWUb\0j|ss叵[B~?1~itauu&(\Z6`JUn\Zľ\0wkM/杇x זUQ:?>5/ڬ	gYf>0=5<!s]\ncqp|/q\0˫H_HJ#!~5/zߏoX\0y:.X3\02%;_^~<qM_@sjRZ9e7[bJ-|;q_\n?bkRxZ]	x|TB2{X߱\0kCr;Yq$ާߠ=+m$60esTu_t2)kO\0hZڦb*+(HW\00XՋ{svdٽ`*Sem&݇Zݨ\\ҵ][+HjfFˀ#Ҵ-U,[X@W\0E7QND\0\rrwJbX3**+Œ;U+?HΛW+eJK?_aTW&^HI[<~usOvs3vMi?# vgZp0QO#\0db]\0_j`|U=PRݹaЌg\"6r9\rAQDF;ըc\'V<?\'ȫXPP6zԱ)YAaH4u<{ia.T9Hs:\0\'+\0t\0LU1_\0I\0u8?u_R\n(QE\0QE\0QE\0QE\0QE\0QE\0QE\0QE\0QE\0QE\0QE\0QE\0QE\0QE\0QE\0QE\0QE\0QE\0QE()q+\0G?Ҿ+a/s_h\0Iد ?Os_i\'(;9O͓ʛlTZ\\mݏ8kZjzƄ1fOs5;1na>1zgr`9<t$Ojjy8ҤE?O䖑vqf*_3}j8tU]ڒ	CC>^qگ+=+0\\KȻ< ߭5byJ4ntN#\0aԧ2knU*ݐgk`T\0S&EKv7/u8*\"C-cTQ&#Su`^~)K촠<\"|ϸQ^/,hv2~K1I5*\\I4&5AƖQ$OiVy=YL>iRblo$S>8F\0Vly$cajEY7>@\\mmsܼn+S5loq1Uos\\h\nBڔU\0OJUZ2G\0/3s.Io~~1rǭNox)^I@#wf^!I|&ג7-,[/~~	l1OfGԯwH&  le:]t?bgC\0AKP[򷊼C0<NHb9\"s_^?/(tR/HI֨c%,Qv\r|F:k;+SjSS3T[Y{T>	YCAm\n\0mui$J͒~@;gŋ[%}nvYF=WRغ4jJI6jxMUټp=+#㸦r1ofl|e*|[	<fDre `tX\'}ҩkr\'k/wce<^q\0hq:3k/E\Z\'	h+b2\0c;߶sY{f>I1H>Q_\nxAf\\k{\"LmcmOBrN+s\Z[:#挨8*\r;By-\n>`b\0X?oV+-yh~Z~n\Z>$xk)$¯$?SCui=\"{dCw6y+纟O1O񪩭H7I9Nѫ\'?9?ioSKF][XiVV-	G@\0W_%On^c ?@k!hmݘ׊l#~dxe9Rk+whKUH7ZK%ˌ{~yBXƼCђW#u2þe~\0c|		c<rN6wyMxG$/Γ!A~ʇZsi6qg4N&V)ˏr=\0COD:n1J#^	#i*朰qJ2XTJZ;~?`nOص^ON	9ObŦhctW8w;+ռ.@w\rfA	I\n~ցo]KYtUU,Hx3qSrIf.qGY^G573O.q%cᱸqI͹b8U<q[rQ#smeb\00h$ǽNmY&2ZұV8r6ݧ|sjf\"țOqh-(1ECK\0w;Yv`t,ɵ\r8#Ք(ӊER<6$|t8*c#$($a>sA#m{Uvp*zyh2ny1y+*ъL8<֤.ǱȠ$2ݏpNۃ@:`#z>ˀ{bݖ]Sb	6/{!>*@Dh\nGZH;?\'\0~޿Ou_\0\0޿Ou_\n(QE\0QE\0QE\0QE\0QE\0QE\0QE\0QE\0QE\0QE\0QE\0QE\0QE\0QE\0QE\0QE\0QE\0QE\0QEKұ\0A1*{R2Gi8B?^3OQ|iM3j\n~\\LAAr:cX/n\Z<r0saGm$lSǖ1h\'U=|>4)2sUޕinɥcKir)	=z	*!\\SV,m&FG[FjI$&~=7\0T樵E#(ؙ\"u#zcHB	w/˯ֺ&-\"ݿ\0s&m<Oٯ=Bo!H z :5Z?^-~QZ4S*-z~jai#/hd%Lz?HR;j@	Fx9g_kH+u;ς7Tn+tYeoTrs=e.\'$m\'s[!<7o[FI9>jW^tϴ+oB/ːё#?Ş+\"|\'}(.@ڛ*1ퟲU;5\\;?VmZƜ8?d_}ⶐ,~5Y0Y;0,8.\"+Owў\'Ę9$Z9kᥖQZF3odM~~\0S+8м=A4c?kqUA!B{ҾS&pxWTY[2/g\0=Fx+<5iEitw+3,\n\rU՟\0_\n|\'1խ\'k3\\67p;^9\0{wg\ZڹHn\'e!&\rm!шO^[ҾxoOr(	C1GץЃP܎<YNTm⟳|Usj׌YD1p%#zsҾ>.%\0fQ̪dݙ\0 3]>(mHp6~y+{KX쓿vlOr\ZɇD^@T>Zk$\\`1瞵TȜN(8PVW7`,͎OZ]GRoJrQ\0x?ھܴr̻\0}%D9~\"}>nڼ7H *1ԕjZLfZhW\\\0]i׷BlyUHk?.:>6SV8MzM\\j|c`5-. ތ1uY\nKI4|c[SIVPѮPpZHX?Z^\0kP}mxWA6~+_q0u(uDmX]΄lL<W55jqC/)U\0xC\\ӝ1̐Ep֒}G1\Z#en38\0_e~\roxZь񀬓ڑGL?U\0O\rYPmpx1vS^#h#z.v	>GpFrcޱ%Isᰇ\rZ,d1\'A+hse=\n1O#\Zaқj˴e|z@DV!D-ا`Jn|w}j Kq9<⮤N\"u\rLrygq9)K+ACPzxAPOZp)`?\n~\0~	7|В$xdqdl͟¼U\0~\Z-ȏoNh(>)h*Z\\gy=;.Fz/f惫j;w/Tc\0$%\\g*ei	M=6S;p\0{xzgޞkrIzm^NkBp+.ьLA\'kB&IW!\\R&٦!Xst5YKi\0=A|c\nz=\0-~O+\0t\0LU-^/z=(QE\0QE\0QE\0QE\0QE\0QE\0QE\0QE\0QE\0QE\0QE\0QE\0QE\0QE\0QE\0QE\0QE\0QE\0QE\0|\0\0!q\0nF{ٿQÏ:Wa\0{(yOF/O*2;ҥ`1֙, e Ƽ{hz|\"RpV#:gUhXISg4goՉ\0:}޵\ry%[^2pqԶVev9>׵01Y:)jؗ7-F]Ă6ڳgcGo9}t\0jn[`|\0ݪڌf9<sr2GCׯ)u)Q_2iGrq)+MyA.?QӠ~-Ky.KQ6ǰ39=q!\"\0ZmhQ5\0[k]k-..I9;v:!wA_p\r~~ΟJ~ږ \'Q3. ҏ#r\'~xGyjYj\Z|pJ?fި<ڇ-ntcxmGBs#Aַ~,k\'B^#=#To+^?æ<pBkГR\'{uaC7Ɵ,Tzt\".>կ+/@w`z}\\>-8\"*];3qIWȝ\\[E\\EqXFs_jn5(*&v)\n\'9!˥~gY{:u\0gW>|_j\ZvW۫~,\rzw\0ժh4!\n؀ZZݧEsen1ڿ>VfS7*cj^PjāaX+`mm#sc.^(	JѼYٔJ>h{=Y:ß]9&ᐞG\0<]J8n+?jKY\"r	X\0	.Yፋi8U}_W=L66i>N8{I\Zdp_>eb\0(Cp4g1~|hnˆ#H?Cȯm8%Nz3x\'wUkz!PҴ}=7<*z\0+#;χ_Rtjň0IZ>Ї(<⵮!@aXmL\roäk(@*\"\0>9{\'2~xP]Rō+2|Oƣi^+lCyɊA_DR2:VXԥŬ3FWyMў2\\O	x\rN&IrzMJ󧊴o{?tu_\r3>M`?{Wx\r4[)ë\r<5*Y{jngSs(\0׬fSjۃ1?c7!55U\ZQw[Q㯆?x+_Hx&=5ޛVf͗\'\0 >Z;m7Zo[\"y2.ȫzE9~umr9NEQ8j1KӍN%}㮟\0\r9A,N1k<#[%r\ZS>t4E>c3\0yct_0JcJ6PHRH\0۟Iv>2f7y\r#?\rدR5#!UΫw>nKElsJ3ozJ	9nHر`3to`W\'\\DNx \ZLkF?\"#<f\Z*8c8x6mo!(QV	\'h9H͖sx\'AҸ3HHԑ5;5OX(,9:q\Zz`DS%bᅯ[ZQm٪];G٨js-C[qH\0rIc_G|\0{/[O^4t]v̨2NM|8.ow\"7#eq__u6 O\nTt\\9ζ%^w?5\0඿E	~ȟ\n,>)&v^!ҥ{|#H?+E|\"ȏqr;r$eouSW~	\r~Vs~wὝkBWҮ\rйHb0AkO؋:_{`M!_EQmnϵ%JGW]HFGNs?g<Q\0\";<A:g|Y%X!e睪NkcWx\'Rp}˫IpV;{Wsp%M{c^>5jf[^?rE{]+CFvS:ⴭYx5o\0[}i閺SoGLx{gw}V͉#^EJRdR5#-Qa#ҥq?d^f%/=qR[+ȏ\r\0M\0]oOeъ\0J\0\\o?fѺ|($(\0(\0(\0(\0(\0(\0(\0(\0(\0(\0(\0(\0(\0(\0(\0(\0(\0(\0(\0/(E+Ga_gF~_\".v\0>H|dʯ\n[5\0=A)0\0^型m2DMǎE?r-\n(^sNb}??JcET&ihP4Ǹ)\Z$Jy,_¼{7qa_cs[nyB$UӄM\\ʥX{*@xyG\nȫeK;~5\0\n~2͚y!-$36Gc#úvqmYPm0)aUNH|jÅzu4x7᭄s\0zf$\'-\"⣉QjD<[8a\'ǸMB olx\n\nEhߴ=^#Gi1Gvddg+?䐼O$o\'Z_=ņ#..|֔8>e\Z[~W<iƶQNR\'\'wB|F;N+Ϗ=N9<\'ڦHtq_2Zv՜\"L}rU#=+hfTG[%lpGXWGQR\\3	ndJOtsAjHι9 I8Gg\r4xFʍ&Go¾\0s]Vo\rMe`_^Ǜvv|mqzvjH{)n~ s1IR{=0tu?q~j/{mHS\Z+\'dtWǟċ_.UbbEu>澲(Үˣ?ZXlZ;7vWIozW7}A%X7Pv{\"l%8J:b(S>4\0\\˹A/^dp\nJD/;N>B}@ªL4R\\8I;XvaDw{xܙB֫V0f8u.loFePh|Vu:4_U~w&=k~-z8{|A?ۚU+^A\'{85|ž:򦵼KFXA_[ q\\DZcxGlԎ*\ZXM?g_\Z2A,Zdmp.;u]Wڧ.YY0zwׯW&KQ|q6~Zj67;Ķ0#!+_1xK[}<?\0^iHb_@sWP\0rūWzG[tk{O̜GҴ9>:]zٺG1W68%RQWQjPS_:T\0l2`A]Ǉ7fxuh.HVBVVsֽWᦠ/t\rQk*.\r_˃B	\'r^&;xY5(3Tjl:/|=C^\r;^ke 7+\n\0|i[G|4ш=7Ji?9ME}$m6ު#{[k{lIWpsҳs(ߙnuMR4)cӾ_0;?~/IW\Z+N=H}4Or\\p=x?}7_R<S;IݭD<ue#\\eM/km]H-Q	p(}\rLZaNbg W|aN֩68mלMf7ò]7ZYgxW\'i3x&ZME\ZS,~x^[4kY8/onV% ͎9=rpC-xL7(\r\'=~o֗pG2J7B0W=S*TGQxRƶ\'wӱowiC|N5;?|thC\0$f\n{᷉-	n6yk]_߲/0s\08q㑆Qk|%+c*Ss	0F&\0\0i߅~/r\0n|>#3ٖ]\0?!^OwӬѤ`uGC#YHe?Ĭ0k5-qN6\\)q]5UN6[G+S/-Ʊkp<Rh&?>񮱧}ŭ\n8HeeWSSFRnBCk\0?Q:Pk}6ip&ʿHʪTR]xY\0sۊ\00֥;W4%}5oHc3/3Yk>9Zy+\Z=zQd*+V>%մͫ#\'1L:#~#\0~<]Nо+@.uc_/37`u&8=E-]ǢVƪ#Rt:~ߵ\0ÿڃñj\n.#i-#)+Uv{,>|8עt-V\0I%ŤG5g\0B?xxYe=Bx#+RY~\ZaR+<\Z_ُw_xyo+K덥ea:@1⼩BQUU%%\09\0~_Ou_\0\0~_Ou_R\n(AEPEPEPEPEPEPEPEPEPEPEPEPEPEPEPEPEPEPEPG$1Ұ?9}+⸟2sRV7J\0=!֭|ᴃH#_^_%.l͚[*:Oj𯈟P_#SZ;KC[Ks~*w\rᆹ~<C\"1DX_b)jbtF\ZNG2Ȼ~^(P̞T,s~5cŶãX{ÑJ6\\M3Wj\0\Z\'aj2d+\n苅+цGZU۟\'M}9{7\0{>9e\ZIu]2$\nzs+ңQvpVjZ:^s\0^ɣ_zj~\rtؚKSyr3+U.v;GlI=j29b\Z%c˫WYѸ(un,.[K2i	<\0u(SXfj0Y\n#\0^/u85]&Y\"lۺ8:k\ZNYt#OcⷾR|䵵ڌu^́Ñko6>^7^	}?|~;)z\ZgNQ>2\\|r=sګi6&ˇ3bI<z²OG4`fFD7B~]\n[ǍzkS?,eIO\\W|ie<]y{]$YB<a}k٥H\0OGJ3ᑏEg4yZG\0\Z>u#.eHFrst#l{Wɿ?4{\0jRhs[(m{~<)\'\0_zڽ>]_hR*+	\ZVFy=[o~	&:-/Ɏҫ	MJkx<ȋaڻφ?&Nj/`76}uǥ}\04xWRw\"K]f+$D{c\0QNo|G2f0h{?O+cTJn,/C1g-7>\0倷m	Ì>Gw3¡3ھCaѵ?[;ylUvzs^x᱊\"Xq~-b]h?導4/t>?>aHWX84Kω#21{kO\n]̣[~@eqykWL6r0ēԌז|F|ڶ4[[xsZaojsr+\'߉Q[0Fg\n\0iZ^l+QHTXxޮN6[h{5~ϟ&kŶ\\_kE(@\07{o*z7\"Zk_	u6^Na2۽}VXN#NEwpt9>\nM>q(mgO	jvz5=I`u/\0Ծ{i*YA@<@JW>j1m$yH-H}Myhޕeb Ɂt}8l+3udݶP.aywioĂI\0WAX糺&D2{_ x\0u}]J<T`6\0\0ݶtC9T|P/6d\0e,W}%	]˳q\'ڭhԿ~ΥkE\'2v|glRԿi\Z:VúvQnY\0h +>b,\n)ڣ4)J򽼌?_ՅofI9_֭~֟\n~9|5[F2rg W2<qjm\\1\0lǏå{hse)-ckWjs\rH/u].-RK f\"E9 c,#\0>ރhFmq-\0iIWِƾ-\0|9]u]:V~ēˉZQ{\\#Ll]fYo#ԝO݉<G5,,\02b)t+N?a|&V7(õ_׾?Y`.1k\n|+@9uYf_2FOX<^X~?_-:o\"TU-˃3.,m-t{1YN&\\\\oMwSun}_\r~^1) $P;q]\0.IhBX51y>]L^]>=,z}Թ\"Ԑy\0wJWim:3Ng߰Ĉ5yݡ,Vǧ$~W?}A]a_k?\0Gm\0l2!_^Ct\Z,Tn=\n_9{8즤ޢ{KM\\7(7N}C_5uM[T|#ȣf=DmT|yw(9^?x}ߺ|cW7g7<WP{<V<5a/6i/u⾂\nx[WKXoė\"[ a{WOA\'n4<WorvR~v^G폋4RX)O.aOB?^Wψf{uTG@ZYM_y7ʔ#<l-kvqy$uE~I\0\0\r\0\rej\"Ѧ_V@W$F\rwhoU5ޥoj\0POۿE3OJ湕dd<*\0+~+Qq4-ϋ?U5bWY\rr,ZOHgF!@li16$WCBjŦcǸzspm-G;t[|V2ی\Zi;D=GZ zMc)A3y/[[{MoÚ8xl1:=~?p֙%6Y}6,H`gW<QVrzֳE\"֝\'tED_Z)_ZޅG[KI<gQ^)AW~\Z\0Iş )sWܪy}ǯ	sEKQEQE\0QE\0QE\0QE\0QE\0QE\0QE\0QE\0QE\0QE\0QE\0QE\0QE\0QE\0QE\0QE\0QE\0QE\0QE\0~l\0U:\0=-CSm\'Q|}g: f[NԤ!r蓟jny?yukZ;n>}۰W#\04\0e2\0MZ7_52;r\',{I>LqM?)|Ʒ[0$yqd\'5$yBM=7CyPP)u+tB放7d͕j}j8FZ-TY\n-oM{~,<mKIPq$!G\0,x-5Jp-_G\0m?/m\"9\0h~?a{^&U.zkEIZtw֚\'&IdvھJݹ;s/dn\r}h<zƕ;Un?n6_\0A>5dMqVnA-\"\0c W箙i[BYjpxQԁ?);\Z\rߔ=+Eb@~46f63#~\Z-Gq#4oxOFGCpUy[\0ȄZZ\"\\m\0~<sO$5R~|$Ēx>j r?|aˎ}s^ufe@ۚo\0Rޛ5|9͡m{vk;y2H0J|yÏz\0aҮ< f2H8 ƼF\ZqM~%xc9,`߂Ή#{_]J8ܦf`#޿t~Nf.QT`^k\0qXcef|IM,dp斩2eǕKأ俴;;5mO_ӕmn3$Eg߲tkŋJW\\I:~}iwe	hv+h=I=XRIxg>8ܶʤ4M~g\Zt>)E$s?h7.n]VudH=q_a|&\"4\"VҧWP\ZvIay7$tN?jWÛ5$xoٛq9/I?ϡI~|7gb_ovzχkQn]?_\0\'Sgˋv%gǨ2jO1w~+;Ӿ3xH-RhBn̾5a\'ϺzMBN|7t\Ze><ɗj}<KI^]3M1Dţ̒`}_<?ρOVG%/I)!\"rp9#᷌xR\Z]=OּUj{]]qGmżqgt=A`xÔֹKmwkF	޸`y|TF*#4jI}3ʡJU%b(|D\riw,{{Wis\0wZ\'h\"]>@y/\0~)mJ$ sr8sھcŖ:}>岴$}o\\SpVS_f4pP=GԢs+ys$[<#yɯ\'z視lpAP0j౒<־4Mr3ͪfZ%S%T`:-[}:R\099+f@OJګ#x3᮫,\'mE:VvPP̿>O\\eY$%jO>_	/u}[ǵAn7cZ&+!@ʿ7<u %}zu\rn>{V^Kbr_I!V`u!dCs|\0Ư鷍go9\\޵gX9/:G\0Gh|\Z,g8:AҋƆF6;VUp-ӆUQV|\ZҚki![1s!O	jַ6n,x%Jx> 6mo÷ZV2LGPq\'?%xv-R\0Aki#3G@Ag n\\G|n\nK~R#\ZXw]\0\r~+CB(=9?}h%D\0=b\0U~#[k=h,3_R+v֑1E9#rMOJqmhF}zz,ڄ`&멭\\Z/\']/66\08\0ל\Z?`,y6kS̑A{W/#òk&\'Ida@+<<e8Iu\\_ڤ_0FmQd}2b#?Ŀ\0Pe\0!دہ \\uk{Jt/߶>hiHmCQ@\01Frq_8\0ok~=ҦYnQP>}I\Z߷\05?ja?bRvsulwWJm)-z5)j^ϗ-<P[dI_E-ϔkM\nO+t\'٭볌^k\nҒu5Qg4vGu))Lcʞ)n8#cT֥.=qެ,ۓAA<qR!:UMY݊O5$Kr:jU9kq83-x?*\Z~|KQ?^sǩSԥ/@*\n(\n(\n(\n(\n(\n(\n(\n(\n(\n(\n(\n(\n(\n(\n(\n(\n(\n(\n(?)\0	)jի`Hx\'K\0Sl?իW56|R\\Q`~tF>oZ>3NR?HE=9	WSA|qh|MӍad[iu5q$r\"FQ@bxG$ȚZ\"x`j6}p^>et#x|Lrq2n~\0Oj/-\0vUM;UíQ%>N>ڧOZ\01}9co~,xWEҦǽs:0¬}6.{G\099(:KRf\0kյ9\"睹m	qXc\0,zg_儷R0ąٙ\0ϥa\nZKq*R- ֬&-c5;ֿ>\Zvr:mǈ	(u\0/ŏ^}S֠	\nN~gǭ}|ka0q\"\0=W6.E(Ҏ\n4)刞vHCv֛hŁE~l\0A~#<!-̶]X$+XŌW}Smddpx.Y}Re[T\'zz|KpYbR}ghVvZej1TP0\0ڸ˧bqB:e\0xl6Rs^^*zK\ZQ#HcU/o\Z yHr+icxa;+GմgW?I$\0|\\-NFWqW;?m-)-aY\n=+\0\'\\|B-[OQת||3~Zm擭*_iWZ&Ў3\Z?b=gu-R<F#vrUs#?\0O]|Kz׍nM֘YXmW<l_oSֿM\0e}v~\ZizuωU9.}.K{^X[xmG^n_xJAB$\"Q޺\'\r̈́Vq	¼c*,{g׷?ŴFo~VbOj4yf;|ONgh:7Vw`HBsQWG-\"nIUw;{:ASEv89>\'h\0ڴqI\rWk˼?M{x(amorzΔ`r>SfpބsqҸ9<mZp9օƞd[[?*G7,~S?SZ6\r5oPG^\nD;6m;`\n{+nvEM}^)6x);6pJ֞\\HaB:\rbD6`z\nδ\0o{]7|/\'__1v>8ze\"*6Mjij*Ksh)\"M9TIb]}Nkڟgŗ7wWrk߾7x+Mk(1yQPd~|UeΩtm6qQ7cr[U	Q(jRT|6ʬjDȪq+ yKpj^E{Qf5!>#+mr3Uy~f\rBA*^c\':|ƕGw.qXOnOα8 &1M8}cWO]7S_/ܿKo~\Z爾sx{d=B/	\n͏9mWүD|QnƵ#P~??dI_ѥрzMd`?v}K1~=n-SIF,53DNrkKF莒\rC>SGǻ[薷Jeۭ7\0c :5Ɉ3֯q[I\0U,@uX4OKSsk䯵| \0$zG&xHb\Z\\ȶ7(1k~BX[Z35[c!]XaSd,]|N&|l~D\'8^ׯ8~:b+o>%+Gn%\\zR[mn\"1QaA6g:[.<RA\'8oƦ8\0S}J捔k w?I2lMn?>k̕!MK!PI\0*oesK3F/<l~\\$s1	ia;-O>S(?7AߵK\Z\0sگKf1\r?ڋ?\0uzϯ\03\0EP\0ܩbt+ϟN(,(\0(\0(\0(\0(\0(\0(\0(\0(\0(\0(\0(\0(\0(\0(\0(\0(\0(\0(\0\0F~\0a\0Zbq߭H?x#	|cJm_j3s[S@KvP:֞d\r+b+\03wKF1uGqJRg<|3ik;q@$Y>9U?RQMT?,F\"&|eC!|m@_`z_ubTZ?HxF-hXnF#W\"񧉟OO|\\L!:Ep,p\"\Zt⼃sB}Km<@YsH{{ǟB\r]CZ\Zy	98䓀|^5Ȫ\\]z~.Y쬭gye P|\0U-\r9]Dt w	\0Soݾ;e[/%|ܟӰ\0\"\0I<B|<S;j҃&?ޜWSO>1ז\"pkKϦqyW]z<̜{~5)X渏\0xzOm-lXؑ\0m;=\0W	x^}OFS~,u-G^99j/kGy4ĖUX	9;ק]=JOѤ:m&(xqk`\0ğx\\UK%ó$Vvrukޡx=G$Uo_\nս]䑒<#O?p\ZN4~\n}îخYBB8Zn$j;/NAB*:bI(\n3IxX+ &	S^C\njVy18n]޻k-5ҧX%cīV\\$?T?`?)\nxhtbT06#9}/7_į	\\i:ŝʔ_\ZumWI$6*ÐA\r}o)\0Vq\Z_5&mgx6JN@7629EO_&+?\r|+Kyu\0	}`x?P+7Eҁm#+KmV7Cp7+`?x[tNOC,^;61Mt~g韭N2irEVˮ~?<k;x\'ђ}CCyg&n\0\'lw/_f;pZmʰ!cB\0\Zo\n~)]rm<IcT-䈀\Z=΅\0̴[Sa;FGʸ8WzxH[uex;v>iK_Bz5E%ו!I_5izzO3?v\Z]+!N~F=;\ny߸|	*U\"X?߭{W<p<Ը{y]E|oxY>{Ҏ\\G5mGz>\'/\'>R6Jf|S;S\\UkGpy\0Y Z	Ջu5r{A;<X_<s!9ϵxř\rmGrJs8}טJݑjgp	ϓUw8\Zu󵺰Wā9\'z+|ZZ^=洞$@Ȭ/@\r\'5j7\Zo!=FH..\"Ԅ!:Ot9%vdvt¬ZjJ\r^8|Q*5-cJ\rگ#=E_w4XFtZ6(ܤRFj%mQl|{[$\rgB2=N֤77çW	Ue ȲUIٮvn$h\ZӅNzs_:\0J[\\{1.G\0F>k\rBCpV<y\\}V5q.i;\\\rzB~*G;m}g\r}֚\'Jt\'g~Zo@EjxOp}Z0{{\0\'|nb N~nݳ_%jA=D#}հET)/~>;g\0xkJ\0gϡO09儎?k˹q<Q׵~W\0{\0gKwNK	tQAH޸>,zM?w*KZXkzG9;\0ݳ:zy$~T@T+g|\'\Z}Xb\0?<+H}G\\J.kM]S\\H/a\'	|Sln:8<֝~8\0O?\r^s9AO	\0\Z~WgOAER,(\0(\0(\0(\0(\0(\0(\0(\0(\0(\0(\0(\0(\0(\0(\0(\0(\0(\0(\0\0\0>V		ʿ<	)jիioOkOp($4\r\'Źw{~4ۯJm`d҃{&qK=0?hٚmuA4\'?Y`]cwH-cQ)M$e0\0~\0$)\0:<Q׼\'=6RW\n6 ֿ\0\rvugMQW3_#˫N]hCUO\nMρ\\yTgg<ӑ+j??vxQ4miйaG\\?m|DjfId.g	W]nEJ^g6kĵPXzOC3`MO4T|?\"]7qcAk>;x}+N`X !\0\0d<ܚ_\0t?h}#WįxWP+}C0]8@:p$VNzܧnFkMJ_=̾heGy ?7\"3|{~~\rx[<1F\0(=(_\'׼KvכF`pnui@\'8sǦM>_$\0\'`[H؋m>2I\Zz5֫N|nm%7}ga_~\'՚RͼS2ԯ#\0|=q»\'u>\n9^yy2n|z+ePlGzS\rErEjxf%ęv?OJM%oF,so8V.dmһ0BIwe_|-?6܍d	Z?N[$W,!ǯ_h@\0d=ɭ߉5o2j23vUC\'\0@uamL)-O\0؋O~$aAYEe5VV8 ^㿏,w~*b@^b~\"-(/;ףx_՞I|Gj\0beͤ3pǡׅ[	Iϙ=j*9v>̗\nZ=`UIʿx1[Z=GZk<QJߎ}mu=40=\0dM͸S.q׍aaI8}Wת9l~7KZMђvXZ?\'J/Z-t<u⽣N^X(RLxڿ5XFyf6ku-W>XMe$P5N}%,t7~Q$t[=Or߇zӢWTv^	L6<9j5=?Z봻9.t~y+\"XR\0&2T;U4~nhp=+i/2/j־wϷOn)ew𪣒I=+\'|UZ?|m+Ey\\^7Gtݷ>io#\r\\6Qn>!\0|\ZѦs\0	Ky9\nrIc<qgqoW~ܺWmLNv$R$P@;[ȘE}9T|%\\Tc_[xrÂG\0񞿪<Yr#a/ۑo%B;.=9843]1A{\08=>7qlՂ称OϫCO(ڹx?\"]74%^Hm2ψ5Czzw+yiv=1\'5⯉wVЮxCr2;%Is;]\0k\Z5i5[NoQ~\nGWVmĎ#58=_4s*=T_FQ}=kGJ|lonYXq_΁v?3\0ҥQ	G4Gur\rGܿnRK²+)Ĉr?JѴ:kK}?xN	\"n3JG-_M;\'W?ն,ͽ\0¿/\0ϢDז\"vOF1#}]O?ve!xZB\"!p3Y>k\rSB8<\n֎$~B)~ǞԵ>-*Y1u{-ǐP[o}S\n\'㬦\r#Ƕ\Z}ۗOWFG !Eqʒq*CH5=ϖ6=ư-oLE*il<58RGuR41伶¡om*a#{#	1\0iĆLR%?݊G`x8>	Zߐk;~)x3S\Z/o{k:ta/B4{T	մ|c/[-.u\0RZ[8p`0ͺ-W\ny5`?p\0^?T\0uү2ٷ\0\0S\0A+Z(PQE\0QE\0QE\0QE\0QE\0QE\0QE\0QE\0QE\0QE\0QE\0QE\0QE\0QE\0QE\0QE\0QE\0QE\0QEI\04|\0e6\0MZ7mׂ:?a	)jիKOq4Niι885~dT(f9M-4$F$yx⋁b?5X9)vN\\\r.ǧzǓUC{Ԃᑆ1ϵ\0mxo^kism }Fø?ξm\0x]UеΡ=7/>qd\"]+IsJ:4qGa?h]xƾ!|I]\0vj(¢ʠ^wviSvm*M܃=k\0eok%\n[Y|ps\0\nE1h<x{IXtؖ8O~gYpT&{y[<l~\'z쬖0Cj#`(\0+odJ\\)/%_	l^W|6+*~\ZtR?c-\n4F7~t_a&l$<\0*h[85,>H^=+zJI~xIc]+>!~^\\/ uۊ(~G(;b_ER.0{{v\"<=egEe*ZBC#}YdUZROPhEakhC?־/.Z_H\"rWϋM\n#{lrr}\'ھ/Nvϔ21r?,}f\\#_\rGC`7,Gvo`sO<lcM]HcsҾ?Z\'/5QnV^6מf1⯖\0TaW99^bdY,;gxY\nz>\0dx0$b%r<6E;Y~et\0\n1*PC첼ՍD?@gi6?9W\rV@3+ٖZ7dm	5Ig\Z_aZǻq~=iO*>6WXǌtZm\'s^\ZVw>&%66*+aAב-&\0{JgSں+eǷ_GJcj6r&[E2~OJӘڥȽ3zWV<	hdEyůcH׬3Lp3ֹhm2TtFErԋ=\ZI5ߴ|c+{ᡬC#:KpIX,\n>\\\Z5tdKI\'Cq܎ _>^{\\ZUa-<w]Hak~ų*ޫjVZ<ACKyJCq_E\\prWLOOF={D(:խ̰Fbn\"Ay{\0~wV\0\"3׭RFyx̲\\7SZ?\Z`ֺ?<]|tC(aIO$M{ާC班{9~ʆIe!+_F6\0X2s}+g	\\/ߑ7dzΌ?ڍ+Rovc_Ѹ+>ۓ)m6\"|1>Y&8u9QW;ktϽzª惺<j%UY-XCYUaҡ^l7j+A̽\0JjhIVe#1\"M!d~X\0dqh:ơ?|!$NgK_[v-s1_\0\rmt赏\0e{oq=}ɐUl\ZR$ߺeqXK\r	;@*|OxOŚزIuG]ͤŐjX>K~x_֩uRI`<\ZC?೟j:>WZ[oޟ6V!@L2Ǣ=EprꎘbyZ\rPA0)\"HE<Aj\0\0\0|=PO-<)+M?ɦ]?1ܱmW_\0(ů:;غR%մ\\c$9Ps1_h|ykx×i:+4NF+8NQئ\r#oٷGki\0~#)wm,<uYPRA\r¿jw	ۿ~\0HыW1\n(Q@Q@Q@Q@Q@Q@Q@Q@Q@Q@Q@Q@Q@Q@Q@Q@Q@Q@Q@xm\0ixmjoe>|\03\0e:\0MZ72Ú\\{[憟!ZhOjqOl5`8*2Ku9i \ZHÚ~hmf}(e0)0N84\0/>sO(miguDyΡk/#wm\0{k͓Mxl|0<}q\\dp%^}\nXK?\'o/	&\ZO};0FV ??><-2\05h0Cag\'KjܴF5.#,MWVoV~=5NDr6~&GicYWW{WѣXqjEJݎbEڹ2jmƖOt㰬mZ1Jꖑ1|Ch#y=Ep(C:]߉ٖpOyZ{;vpTG96}gֵҹ#<\0A\Z\0ghY<{_ëxV!Y@Yg8?1(>\'e~\"BJf\r:I\0WqOW\02we\0R<mbOFyoZpSs(Ng_X>;|VY2$G;L?0xwC]\'8z\'+W0Fx潣ÞZTy֨4G~\namO4覘(F\0ʚ60F3ҾYl\"*վ4H2A\'^d1S{ԋ:\0Wa~`t}OZ\\/pUz-[y%j<\\ҁ.$lzζ885xx99,@_]WWg瘍.6 Vd8zʶ5zo^4<*_*VV)֚H<V5IWIhrexFa;Znk=%f|][[,άu`Ax)/r7?Mom+0k\0y\nԪWؾ<e+c5_F1[41f?\ZOhԔ)F7G̿q	$&aX^\01SտgXhm XW8\rs\0Uc4T%բ[~8%]?Cq,xC~`A?Xlg;Ɉ5|\'ٶKOUr~^Ko 3`_B;3jkxY}ΥI;~\nh-|X4-#w1=#\rF,݂Ad#\ZrQֶlrrzJ{Ӯ,f;v|y}0A$[\0{RnƟe#\0FS#OfYx~Eߞ}ǵxş-媱%݀ͱI^ӱ7)Wϩժh\Z-%VԂ\rV WO*RxGk_ο馶mWKĹd`92\"eyM5\\9\rĄ~yjܭ}*H̻~FW9)/#T$4223H\rNjH\"9HѴ#5>9嶙9\Zъ9)[QyARQ*JϏڏYPMRƾu7\0>㼈w\rsNI$gt\Z~~7.S]KjzfҌ^X̥v/.~\ZV;pŻw6J;WuwÞ#6h>\"عʒQ05U)S/S(?l?/ž2tĚ1nD!e<gG\Z7\'_@O6\0[M5 i>܀g3_uҶ1aES\0(\0(\0(\0(\0(\0(\0(\0(\0(\0(\0(\0(\0(\0(\0(\0(\0(\0(\0(8\0hmjo⿤<	)jիQJ\\{TRKv\' E8\"Au\\P1ɥM/\0RfvK27\0Kjd\0gZٮjj3n,G\\=[Bֵ=Zƭq8~&~˧G:T\0J>40zeiVѭҍRE!]F!d>4Znz^˯	Tgڿ=־h8]e}+Chn:V%\'sxg<ױNj\rH$y5M=}kEGg߯Zun9?H\\9W~кǆ8TR:8vˊ]wּ_,GS\0WWSDY0EXҕiQݞ\Zh֫u\0u\'(ڌsx)5}Je-QsH	о\Z?5j6o/#EC\\x~!Z?5Mi#^h?LWϤy>1^}MaC\r<nKZ*Cqg|b=v}++1t ҿt[ӡk;M{z{T>w%sC0ڨ\'vBx St\0WAMrlRĸ#(\"U7:5xcM	h`EtZer;UmYɐ.x#vC	f<dԍp޻2=kЭX9Һs`l|6iBvmܙ_i.(&sx\0$9D2SӊMYg9u{P\0hFSϕPMTj`ֵrA8V[c,[?{_X\nj!<?EOxf=:W猵\n1݈ۃᔑ|Rr3JaKTCX8)Sy\'8f?lͼu;Fx A_\"Wu\0tG č{w_h|)q𾷯D[I&\"1W`q~ؓx1!׊T`U*m͵[Q3U[KQ4BgZl k_MyW\'ԞQQiEH6=+M,D`OsM}V;kjt\\js3Euⲯc\Zҹax`>N+YPk{<WЬ7$$+>/sf@ gdao3ON%٘ș%%tx6C3dǁƫج|9䂹sx~NIǡBӍŰn~իr#5nSxHQpWjqp1M}\0#wEQ^شNg5|m Y8{y&\'?xZIl\02dh<Rۓq;ֽ-5(45)_${ULH~4{=y;c; zٹa\n1>\0+uS9__N_~T	 o˟(r>\Z m	_Y\0\0k%ࣞ7\"A񺿆1ccۉrz5HY4g+-_s$Ys_5\0N\01۩X|\0H\0d{Ws!EPEPEPEPEPEPEPEPEPEPEPEPEPEPEPEPEPEPEPEP\'?>\0a\0ZG\0x0G\0Sl?իW~8m\re=0OdȨ#CִYH&qUv7ErZ<p+̻EG)1Q5q-2)\r6/f0nXf邳mAPA\0}+{=bOFAϯ$$i^?Я\Z)]#ֿ&mת|.~x\'y[򐓫cE<M7*[sIUJYk2xҫK؃޾&(\r*.%Sqdo؊\0TH>3_St~jGfzƗ\'ׂ+.VD(/(\\Fgk3_wtonsFw\'\r8X֯[?8aZJܚT51>\'xiz<ˉK1\0>ŽRX\'`{9\Z7g,3\0=9횽?I>3sj:/#7d?wi7rľ:פ<7!7\0JK#$\0Yܜg-sR\'#O}u2ASԊ6wca=Y0;\r+n6=ko=<A;OtP q\n~V%qS\"*}AVN5Re$NcH!ʌ¹#^d!C\Z[\0c5𳣮RY2Tn\r7z),ɨ+3yRARyNY`Q1ڱ41h]Jt]+ދh#\0mF0&دv4\"WWF~(@ntS\\9Ϯixb%ؓFncڧ<jXgU\rN*ֲԜ\'ƽ}]OQU\'=+u֜ȩn\Zïjɹo<7ֹK:KVs5>Gʹ\\5Q؉IHږ\Z71r+έGO$ů)7Ž4f-#XRs2\0t1kĿ~?/)z#ɷO_\ry-׆5x|O\rj?!*ήu?	>\nj<=U}GVy\"lm5Ŭd\09Bp^S:/x3SwVZ8usHJt&,>6={zWMkAs߽|{51<5Lӟk.GVzyWjLct8刹\'95Mb~StTpWLq֔ucJsw<#ԈJS_3o1ѷo	F߃_@~\"]KI\nC+xH\"kP[RvGO\n0\\<7\0_w~HcF~qF1\\\0>nW|9+ԗ˒!_^N>hl}n\r5_ڿuM_-\n0¾ydK\Z9۾MD\\|\"c s_ppH=+~Ĺ\'_~9>\Zi5d랕6g֎>OoNdX\\c4N	\0Dq<tM㧡\'=ewr)ORqdԶq9*-I~KA>q;kh]\'G\"209b3[=tw°|ǭgWr\0~Ѻe@~^<komXitG\0W~)OXZ{waEP0(\0(\0(\0(\0(\0(\0(\0(\0(\0(\0(\0(\0(\0(\0(\0(\0(\0(\0(\0imjn%E\0M/\0a\0Zl:е̧%Z>qTz$g<֟ҵw^n\Z^=y	&R=sR9=EE*`qA ϗP5%&#\\x\rOnGyib8/3؃𗋭4imǚ{Oً~-g\0)L|kN0n,n*r+/jиj@\\\'5_J.?^<hWWџ7Zַ]J	kmO	sֺ/K_\rJhjgpgk[鱰_V\04\0#L&aXr»-C~	{Q`toBo5Ha*wgֽU,M\ZxM1X<%|\"Vpo!Lz3lA돋z}5u{li\0Ƞo<t)>&C%R}im#6Fĸf^Ӧj)xQيmNۀz\0Jn!h&SVջ\0j.4OYz<lc\nϷ5{3hMjamH$nF$OjJ?|[I]8_M\0֯(QyZ=SMq\rcսAf2$6h/F\rJ:Ot΃ľ\n-{fqgN>K^ѥjgD6e-k69R{k5\r\n{e\";d{WˢCXKcJ\0s\0ᗒzIX$/>SPǥxŧ}a]Ö+Օ=t]Ɉ\Z6<km@0EQ*O[K}?1zLOS-w[#1cBz=f\r礭+u-p\nc\"8jdyI<!J՜w{fI[\0o\0a[w7v~9Qv9lɷk¿I4YlsSq\0qC\0`%_^OC7]6}@huz.b,W5\\~_=`\'>#֩1HLމqht_|	1L7lo#笒ǫrk-~\0f>.|-\r]e2cxn+5(_Ynsͪƣ_އJ;Mkk}\rij\0ѵmxtwrr֮Hqx$Jicc^<b/j-5VἈ8-If.R@z/Ӭf0^ݫ׵?.ﺫi>_Ik\nMJ\\_\Z>h%qv>mAHv/5cTb[~ O\rךhҮàJx)COy`\Z51u_O\0%$bW`	5Q\'h\0Xr&W+G9\0V՟eeuLT~P6a֯ \\ILtb+kھxFC8k׳I?\'USΪ}u?ahHV#U88\nۓFM|ݸOx9\'4x51\0tۥEa֤qS4{ǧ%?\nBQ+V,8sY>1S(\"+y\0\\Ik?c\0S_Q\0Y\r=\0r+^QH(\0(\0(\0(\0(\0(\0(\0(\0(\0(\0(\0(\0(\0(\0(\0(\0(\0(\0(mM/\0M\0V_]_7\n74\0e6\0MZ7r{sUԑ6<k3jLR#Z秹D@se#8@S=Z}\nRK}5)i\ZQ(<\0cZL${m#m⼚/O;Jڎ]NUi͞:o\0\ZKqXҰ̓QSμ|8}k1Ӫ?xcײHmi˾|=AՍ|6ōK;#ƪ2[=\0\0܇Vksaef7!\061㓀	Aݏ~/eg\ZF;\0~}\niRͿ\Zvxu\0%,,W&eooL}@I飜^ḏ1!?/(/Ϡ\0-Xؾu6vD`.,2͒8np	{$\0WZ.7WalL8w`\0k	F*iYt?,֋{˩L~<)~5a,SIUyGKZO\0Z4uغ:|+)R#g!V\0j/4]ZV^\"]:Qİۿ΀ssݯ[?gN6ۤ\0w\ZS[3Ϟe^eFCCT\rhc[P9BX۵y>\"A|g{=;d^TbuXn?| ) 0\0*x[.b:oxu([Ӝ\\-ղ.cZΝckk[T\0Wd\'<#7T=@:\0Zʱ*5>9%VȺ}¸:Py\0?\ZV ҘK̝}Z14*7妨u#wk1V-5Bdx\"nsuꗼ6\0jf8[8qzpcTz(yTL5CMKcIIm?=Խ}ǁ8,iNpC6J\"U;D[A?#=>W\'h/yM3RxF0@m\0G圚5KNUE°2&gfz=؞l>f=F	9#kϵhd%ǒMwk\r>.<TRJNOWQsq\'I^Ҿ|XWRvLe#W[L|^Fc[YXXq$|9s9iz*xdqX,t>X~}+,RKus:!=G\rk\0l\"u] \rf1$ю̽M{YKC莓.Õ@{?ʾ#\0uvO\ZQ\0UPܨHX1~\0¶h\n[Ŀ-9=	>c([3WM)GFn&pqV\0\\ۜR.b$v:ҾcASU+⯊M\0DK|< SGW|7O=03_gy>%}}	\nVnTR{!fx\0aC;5K4)$s%fOgfjb=J+}z#⽬ާEg\\ܟ^ggjdf/Yʅʍ[;d2:psҸk\r㑼U?5suUUN(Uлj&bBپFYߵsWu=I+yG#Kޘj0@#8-\n{mD=tĄ\0yQu4[]ª@\'+a=Qx)T<vbMhA0eusU)F%֪j6ߴ?T\0u֯2v\0\0Wk^s!𠢊)QE\0QE\0QE\0QE\0QE\0QE\0QE\0QE\0QE\0QE\0QE\0QE\0QE\0QE\0QE\0QE\0QE\0QE\0QE\0~R\0?M/\0M\0V_۶_\'\0^\0a\0ZemZ3iiI3O\nI2>.\0@ZTTI	㯵G*OzdrmNELnI:4sQ1ɩ:\0I£sxdW԰}!5#ޛ$Qv2?v:5.\00\0\0t/e2pS(1܌WԺwu;r^%hq	.qYy\0`\'\0K~6MZob])#ƻK18\0G	whe|X\0gdYEDM@8_s~f,m/w oƚǊ&xƾ2f[%R65\0\0-|U\0ryC_>tYkc4Zۆ(O}+ξW\0i[^%\'Qe\\䂎SЯڟ\'NEo][CB~u\rTz~D,ƩV>LX&ed՗\n\"h^I.{\00gڿbwÚI2Fݺ\0KKf[;=j=?^\rJ-=eo%Ż9<W\ZQ\"?\nx\0\03躚$,rF8tfSЊMA3s6b<,*D_F?<G?>#G{~֑+-j@9<-\"]i:_ˊ0nZecWٞU`AC`!ly<=>ic?X95xhz\'FYZuS+F>i\Z\0f~`5Vh?*~K/5lL}+Vj\0\'N7\rGS\"H0I~U/\rIem2YNOf?>7\0ZJvWXEeTk0Z:+78^*P\\ɼn>-n<>n?D`O[\\J7W\nY<*s\Z·IxzMn@1\0dzoN-Ja<֟@ަ\rۍاc{+2.6]Af~]Cܞ{u|H\r+/Cݍpc,W9䱮(Tzi|Ҷv\0<>ETMjKib%,I<_~ߴnx_U/t_,M07\ZjzV^:}\rNմ=\'\r~_ߎ8|HԆk!̳0>H _\0G@|KEx@ֵFG-/*#M\nUs\\U]|E\0Q<mY\ZHKO\rx?K9EOM(4$l+C\rzI5TM#xkN=\04N;&~YN	a|o}jӡ\0	\0D|CuvΟxZ]cAN0`:5xpߦk3<;\04\Z:\Za9ҵ2G?+\rw?\0>xMJ]t˞K$^GϾE|y|2n\"~gBNos[kTvo|9;cl<=+ЫC&\"5\\s\\7_9HJ+߈^.n]<Bmn_a\\_#~ޟ~	5*#.}2}]^0zn|3\00f94[9@}8ͯLmC׬\0 5;͹F;yE|utO39Wv_T<ֿAJu(`cJ^x@OqXmZ&oƢ#5*.zԪCKqN$~63&i6zztP7CԐȃxV}`V8?{>,(I	P1ӽ6a9I;?l\0˃g\0S\0A+V\naX\0T\0uծ	Lc𠢊*J\n(\n(\n(\n(\n(\n(\n(\n(\n(\n(\n(\n(\n(\n(\n(\n(\n(\n(\n(?)\\&\0E6\0MZ7 \0#?M?\0M\0V_>r\\S7\ZB55X^D皐Kz{Sa84隍܁HRw\nwd}ip)\"vTdnnX\01Q6MH4!M&{W\0=f}ŋcW#Ns;oܷ\\uy[\n\'}w\0	W^\n7ZtsdYSY$.G\"(]άa*Oc{௅|U|7VMd1EiNT&OO\0~Qoeqk:~ SFΣp=گ3fEXZj\'MSww͜Tl\n\0]|IX]j	ckB|ZNE~Q0I9jի8Ezn??d_Q߅A{U{u	Wv䌇38?o6_74\r$6=kKB7\r0%\n8k\n|G<U+&ۓ~rÿh_m\0\0)DO14˹Os׏z.Fy3	\0|S(<jQ4W\\s=-~߿?o;Iե4uˋ}Nvm\0#޼\0O\0e:KRA5|?\"d|̿$?\Z?ܿ.|EQƺ}n.\nfFqks[jf~mZS>(;g&tx¸/\n}AE,0t/A%91s\0a[K}];O\'h5\09\0?Z{f\0xJ/_4ީ6\0ϟn\\=3ZӓKtLw%Þ($e&#@W	r>9|Hxu\'H95_3n?NwpdWrNuL&\'Ot{žطY\"-ݱ!~0Zr}2G!rXsxͧsU>2RAוbmkl}ْSE}-:&8;0xJѵ8.Co\0<dtu*}AW𧋴;| [jy\0tקBYק,459ʷ#\0(88JֲIđQع_q\\.VnsjZ`TSvl%}V1l^j `qvSRSNԾ.믤hR[8n\'ӭz?bIrDGyANqм9plw^z\0{9yfK13<\\,{ʖx֊i]ju^iǖ=rOX6GNi\'HG9o_0~Uφjo}A.3+cHQӟ\\Ww\'\0aWx/MmBQ\r+^yP~T\0יJ+էsի_\r֝?P)φ~I\\_6C\ro*c+\"=}s?|k\0|nR8}&c\nZɂ2?y6\'Ē_*7z7|u/]{*+͞g=9	})\0S?i>u_r]+xAbOw$y}>].mZ Gw?e\0\"-\"}O^[HTMq*ιJzK!$>0+{|E+GCCx[EH62.z!$vSK~::{u\Zk^тwX}+@\0|m-_H_yjZ#Q{1$~%[\03P\0\";|2Y.{(ȉWu\0\Zm\Zi?qZ)\rB	RAn~=\0\\?f5/h=ƕA8۶ #R=2+пΜGi\0\n\"ҷW\r3?j/x}~$YkZGv[}M<5dr 1	kɿ\0LgCf|<Mq3\'įړ\0xJs8/Ep1&IA^O\0|i\'4{m/<c,r7E9V_΢ʛ̒>^dD$n5ҕG3dt$QE9֐C2bCa<ЌPB5<\\@c®:c{Ta	n }jṋN\ZݏZUJ/<ӕՎ>\0tQW`*-)=*lO#Pq%:Irubyuo\0\\\0k\0S\0A+R\n~\0*\0-bukZI>QEIAEPEPEPEPEPEPEPEPEPEPEPEPEPEPEPEPEPEPEP\'\r\0(?5j9}M/jի\n856!cK?>HF.^*ЂE\\ӑI~Zd<R&&҂=饰hXڊh9jvq@qOnOMh!)6N($m؏߇mǎ,Ү8km@-?=2+Kgχ<Uhޖ^Ne1I5@e݌H\n3ٽ9.Znc9^j0i%gCW>0uv$ܡYӯᡕO_}~_tg|q767<;cޖ՛kJ}=\0Mf(Ԛq5͠x8BG*Q{^Mb\0\n<$;mL!Ι9;~VǵyQ	Z5fzZwG\n𑡲\\.f%k3tN7{\rj]N{w\'iw#\ZfOup$+w3\0xzDvR2C?J[ʣ8ǭ}U\Z~9\rsö0ӢP鸶톒?1F~*~G?8XjF\0w@}~~u5;{m7Gu=a%;jsf/B\0Jn\06ľcԐEqU1K/_RMKRi7\0hns%`=>m$xc\0IE|5÷wkaTfFAӭ|L~)O5k_gH\r87s>?\0~?i-<umhh4k}\0#۱{%*\0kxZi{i/<j:\0& 75fBw՟m|/5k*}6C_+<\Z]ПWh3$@\0W9N\0zω>\rwK/ri\\HH\\\0dHmc7<KCw܃|?\'%SMơY\Z|va l_jʥ+uQYkJ?h?\'<Cj&ͳǞAqg,DLBꦾ5\01KGKE߁4EFL8=b_C#Ou\Z\rVxܒ, vg_N;\n!<&-6BeL<#:y}9k=c~&kI	>?>>,EO;L)S2/5icq^	_=(btS=ꖥ\0Z&sOZ5=ͨ\ZyKrrI2ʳRTB}އrO˻K[(u8_,wvC^*tEGhF}U{u⼋\0K0iş^j9򠵵/vGPw\0H`ߟ__5^C2ă^QsЫN>?>F|Qt-弎RXn\'3@8Sfn*OpW?F|K-Wl׺~sq\ZBV2{׀Z>mn^⟈mUF;;\Zv>&2#q߼,Nrp=2kH)ӿ/S9Rۡ[A-)-Z^v\r$%Aw?ۛ<aH&b>\0EF:e/\r>swk*Γk܈\n&8AJ\r5wIVvasmV%wTlL;/#NsƷ񆹪36dgØ\0 c+{}elo000q \0jkx[w%:.\'ֽpM8f=HWs\0gM/ឋ/gvX4]=,,_a\ns3־)\0@||w54\nB9[];sMu	.U&ޭ~|\0\0sf/0:BCMyK$m8RGSg&?:w%$zykq5үeګ?~z\0xⷉ.Ƒ>ԅ:{O\0e]_$;Ho6PgkHM\0|3]i	k<Zـ;q_\0|E?kO*/mU?.kY-aSْ,\r\0\0l5RQ$&=ßQ\0y{OGf\0wx_6+44r;yqK{<Oώ_c\0ׅ~[LCIow;z_|Y?\njO<!0խlbϨS>O\\\0TKuiÈoDgĹcۃpEZHt=cIЄ|h2*(/v9j9t>׿_KEϏmmSX?oۏW1]GZ\0.M{8w`<Gj?nL4_X!}2G:c|q~Zryg*iK3+9UX\r޻ꨨ{t3ƃnQEyhSm*Cɳq@@r)GZ\0r^jPJ&nȖjr~N85]8w:9!ٕ}һSY^ح<(Fb9=֍t2G Z\0\0.F5ڃOXJ)\0-F5_WyQRPQE\0QE\0QE\0QE\0QE\0QE\0QE\0QE\0QE\0QE\0QE\0QE\0QE\0QE\0QE\0QE\0QE\0QE\0QEK\0o&q\06\0MZ823_\rG\0Sl?իWSmj;15\'>4ÃϥFGN~D\'t1$N[EAK`gi981\0#?(IɦKI\0-#6?\ZZk0h9tM5I|\\\0R5;;-BbSqֲU`?t85S7\0ş?`æ>0k\\[]ç6l6с,:WQ\'f}W,Rq{m7k|֍n5 ME{\\m\0j_,.д>6;FH-_K8\0յ ǈ#ErGPY}+^}3V<@Hq :qyR6!]w;N֋O8\0\0M.b	s\0II&\"\0v\0k7/_5γ]x^\r/Qmp3@s\0.>^\0>E>R)%l-\Z۴c_GUiv0MzsYFW?*\0d\nYI&WۿwxFfi3]SnɁW\0՟N\'-[v#Ɩ2qqO>\0\\x[_6u˼;SY|<W\0e(\0^uI;e!yc\r.qNqr>?-\nAgS֟.ɨxvO}La9~\0_di~?qU_\'BF5_?oٟtR]j]{y2It-E$\'V+\0\0Q\\=x(gSm>wtϹ\"J=ևG\'<.kڋ:Du0+O_imf<q+\rJkwHoJe4x\'7Ԍc8*\0qkR\0h1T[x\rd@t:wFH=Ikѿڧ?~,xeK&m5;\"yiR+<+\02~Ծ\n+k>CG	&yO1zwp>\ZxP(mt\0΋!؟\n}\r>lju5 \'c!Dn=G^\0?\0ƿGu7\Z܊׌<(8\\qw4?;Q[aJY$x(\0o7G=ȄVN7w>\0`Oė⥝}|#;f;־XVDwPIGa~%|$<i⫽SP̫\ZqI%ݍsC$!|-꛳}I\\v??D~\0k22]E}\0\0_|)m\r;\0EGgq^i\",@q+IB*b}Vmf֥iѢ3sIs^E\0xO[;㱶\ZSr@*=q+Fh+Ra<W3!*hHRX׊R\0km\'\"\0|IϕuۧtTt_~Rڎ*~=&\\>XbeP13v<q?j#/>+ckwi܆͜=\0u-d|?:c1OOyQ:\0Ə×\Z6XSf3\ZٯSE2.ESҼO⩔HZw\074_|-S%ݨNB\n6Լ-t~uƯApȎ\'PI#Pwڏ_^[[SQIeOse5znDԟqkL\rķ6ܱh\ZdK0<#~8~,վφ6H퉱GӚ\0igt\0I̶?ʾA\0dd{(oj76)*og\0Gү xrTӞ$}L8kg/6ƩQwA}t5Ib\0%~f\0~˿a·<yJi1!b\0\\Y%roFE>\rhc޿g\06\'a*?\0n>h57+\r\0	~Ej7,Rk\r\0T\0Z>8\0G\0o4Kmwĭa|v\':sB0ep}\ZB+\0 eKS-wOy+Lⶂ5w?Aj?8O\r]Goie5|\05suoE>#xm<]j.m`]kg*<\rYVC3촥kx`]2Ī13(?icVo=\'B=em\ZBn\0UV.^w˹m&4:yz,'),
(2,'alejandro@gmail.com','1111','Alejandro','Sanchez','Desarrollador','php html','tenis','????\0JFIF\0,,\0\0??\0_Exif\0\0II*\0\0\0\0\0\0=\0\0\0\Z\0\0\0\0\0\0\0Portrait of a young professional man suit. I','2019-07-05',NULL,'\0JFIF\0,,\0\0\0_Exif\0\0II*\0\0\0\0\0\0=\0\0\0\Z\0\0\0\0\0\0\0Portrait of a young professional man suit. Isolated on white.http://ns.adobe.com/xap/1.0/\0	<rdf:RDF xmlns:rdf=\"http://www.w3.org/1999/02/22-rdf-syntax-ns#\">\n		<rdf:Description rdf:about=\"\" xmlns:photoshop=\"http://ns.adobe.com/photoshop/1.0/\" xmlns:Iptc4xmpCore=\"http://iptc.org/std/Iptc4xmpCore/1.0/xmlns/\" xmlns:GettyImagesGIFT=\"http://xmp.gettyimages.com/gift/1.0/\" xmlns:dc=\"http://purl.org/dc/elements/1.1/\" xmlns:plus=\"http://ns.useplus.org/ldf/xmp/1.0/\" xmlns:iptcExt=\"http://iptc.org/std/Iptc4xmpExt/2008-02-29/\" photoshop:Credit=\"Getty Images/iStockphoto\" GettyImagesGIFT:AssetID=\"453256953\" >\n<dc:creator><rdf:Seq><rdf:li>aydinynr</rdf:li></rdf:Seq></dc:creator><dc:description><rdf:Alt><rdf:li xml:lang=\"x-default\">Portrait of a young professional man suit. Isolated on white.</rdf:li></rdf:Alt></dc:description>\n		</rdf:Description>\n	</rdf:RDF>\n\0Photoshop 3.0\08BIM\0\0\0\0\0lP\0aydinynrx\0=Portrait of a young professional man suit. Isolated on white.n\0Getty Images/iStockphoto\0C\0\n\n\n\n\r\r#%$\"\"!&+7/&)4)!\"0A149;>>>%.DIC<H7=>;\0C\n\r;(\"(;;;;;;;;;;;;;;;;;;;;;;;;;;;;;;;;;;;;;;;;;;;;;;;;;;\0d\0\0\0\0\0\0\0\0\0\0\0\0\0\0\0\0\0\0\0\0\0\0\0\0\0\0\0\0\0\0\0\0D\0\0\0\0\0\0\0\0\0\0\0\0\0\0\0\0\0\0\0\0\0\0\0\0\0\0\0\0\0\0\0\0\0\0\0\0\0\0\0\0\0\0\0\0\0\0\0\0\0\0\0\0\0\0\0\0\0\0\0\0\0\0\0\0\0\0\0\0\0\0\0\0\0\0\0\0\0\0\0\0\0\0\0\0\0\0\0\0\0\0\0\0\0\0\0\0\0\0\0\0\0\0\0\0\0\0\0\0\0\0\0\0\0\0\0\0\0\0\0\0\0\0\0\0\0\0\0\0\0\0\0\0\0\0\0\0\0\0\0 \0\0$\0\0\0\0\0\0\0\0\0\0\0\0\0\0\0\0\0ARL3\0\0\0\0\0\0\0\0\0\0\0\0\0koh\0\0\0\0\0\0\0\0\0\0\0\0\00L1\0dX/VMԝ\0\0\0\0\0\0\0\0\0\0\0 sckjc̋bC(6e=\0\0\0\0\0\0\0\0\0\0f<)DH3,.\r{+:\0\0\0\0\0\0\0\0\0\0@<,pcK-E,\n2ogD\0\0\0\0\0\0\0\0\0\0A#-\0)DlR.b\"\rٴ\0\0\0\0\0\0\0\0\09Y2:XTR:g\0\0\0\0\0\0\0\0 .EHY2F\\Xĵ5nuJYy~f\0\0\0\0\0\0\0\05KAlMeesEbJ,\Zy<\\i\0\0\0\0\0\0\0\0A>oOι4b%̱j 1}gӜYD8\0\0\0\0\0\0\0\0T2:Z.c$^Ir%e$[ƞJ\0\0\0\0\0\0\0\0>y/4n}3)bL%BŒ C\ZצOX\0\0\0\0\0\0\0\0xx-cy,LXY$AIjP,z\0\0\0\0\0\0\0\0x˒^7sKs1ubKVePг\Z=\0\0\0\0\0\0\0\0A<3[r%̉d\"гk6\0\0\0\0\0\0\0\0xIxuњ幘&XȒe!IYq}p7:H\0\0\0\0\0\0\0\0x9yKƶ	]lS*.JI.\n,Dc]d}1uOy`\0\0\0\0\0\0\0Sg\\V[lY$`MorC7Ϣ\0\0\0\0\0\0\0Z_ٮYlcH:Jk91Y5l̛mb%y:]g~|@\0\0\0\0\0\0\01Gyo[:L6%K.#Z0֝9΄μtᷬ\0\0\0\0\0\0\0\0rԚ&-ggYLyެ&]%Ǿ\\޳ۧs!yիvᳬ\0\0\0\0\0\0\0\0üY#Bu,\\:e$k;7ݙ,:zs=|,\0\0\0\0\0\0\0k=|1ۖ\\Weuz\"+K`kk>{\0\0\0\0\0\0\0\0s:sY2,IuPn$\\\'y^v\0\0\0\0\0\0\0pu5%b5ٚMtBI씬\rp7uٮN \0\0\0\0\0\0\0\ZS^KlyrJo<,[f$ճ5ӖƲ\0\0\0\0\0\0\0\0@8JZ[(Қ\\\\SRZ27 cֺIӡӌ\0\0\0\0\0\0\06o#;˒\\E\\FKK]1[15\0\0\0\0\0\0\0\0\0@ ЗplۮRt@ؗ2Kc+sY\0\0\0\0\0\0\0\0\0 q%55SuvlJY[7s@\0\0\0\0\0\0\0\0\0A1IS\ZIu XZ gӖZ\0\0\0\0\0\0\0\0\0:U\\]sWj\\3<fJ*uN`\0\0\0\0\0\0\0\0\0b\\\"<m3+0UJٱvw\0\0\0\0\0\0\0\0\0s>w\\ir\"Մ]Byk-d\0\0\0\0\0\0\0\0\0\0pぎ.eȹeKʃWY:[p\0\0\0\0\0\0\0\0\0\0s3.̲mKdYToˉn\0\0\0\0\0\0\0\0\0h;$-g[%0Y`NL׬\0\0\0\0\0\0\0\0\05OrCgBʖ [&ivW$[\'o,_75c|\0\0\0\0\0\0\0\01\nSt֎N:R[E2.uwxyV\";:$\0\0\0\0\0\Zg䜓OKI0/Ih[˰a)^^jZ7+d\0\0\0,3D\0\0Y۳!LtǍ,]s;;\r|jXL~=!\0\08G 	 \0IЯGsY㭢ŋO|:ȂpWǭA$X؎.q\0Kunz2˰Z0/;L{wJx,	$I$\\;>fA\0\02Sft.C@֬鞨+3XJPII$Ŏ|\0 ֳhȗMrKٳUxY$EI$$H4	 \\@@3y2McLCK\'0\0*A A$\Z\0BHH\0=γ|y˃)3IgF9r+^yr\0RIH$Z\0\0|Ʈt6[.V6G.n8{0WΦ\0I `\r`@\0@ \0f>ŋ;ǚ]eec1۳!a9T4\0@	I$Z\0	d>yƵV[f3ұ-,rreI\0A I \rh	\0$\0Xn\\VA|ԺmOb*ѥ^kH\0	$Ē5,T$c隘MrNyb߲\0\"Ik@.T\0\0\0>1IJ&z=\r/(Wג\0\0$P\0\rh\0@\0=֦tʸ=/%uf5ŞEԞq|\0EA$\0\0\0\0΅ezr֒g2\Zz%U	,\0\0	$\0\rh$\0\0Xv\Ze#:͋S/ XH\0@I \rx$\0\0 ǨkםFs1ct\0\0E	$\0\0$VzLUed$c=E2K^.] \0\0*I\05\0*X	\0IׯfY|o$b;vz{3ͯ.\\(XAL\0\0\0\0}1Wf͉xǖ]h\0\0&H \0\0 \0\0ϢِW\"C`eq 	\0T@ 0\0\0\0Y2#H*P5/_=X\0\0\0T@ (\0\0*H\0\0TƎb(PKƋA\04 \0\0\n\0\0箳Tǎ`AC\rgQ|̼ȸ$ PA\0\0 \0\0+%õȎ #k:KeЌ\0\0E  \0\0\0\0tYʎ 3jkG]X\0\0 (@ \"@ \0 \0!{$ E/\Z0\0\0\0$ED@*\nD\0\0\0\\u	5Nb= \0\0\0.\0\0\0\0\0\0!1@ \"023AP#4B$\0\0\0A^ ATeŚ!au\nmL?f\\DDRi:QH{u娭kBMC{\0M_*5HG8Pa*=SվKTʖ~99\"2iokY4w1:v䫯 kѩ М,\r1ꖠLCͷ>CS_]W)PL읝moιsa%\\yU%IR\"]k%~;_I0t\"w5tϾLbЃ.\n]%B&@ZZ+-iO8O,*mqgF۸TR5X\'i|.noj%}I_pAJqR;58<*\nGTS}。xTt͆mYbQ z%J7w\r޳D7C zE\'6.TROp2 v*^˹nPZ\rr\\3ۓaK6P8Lx(\rְKj	\Z|FmYmNNM֕_QAjb%6؃Ks\Zk7\nvp#N7\\[6YYk5	שҘ&E\0Qe2q.ill0\0Mvf|N#<D$5h|nQ؊ptNFx*;IS,&70ܷ|q!qoa129(1Oru;a8LfȪw;3ީ[A\'YE\"ˮr\";Q\0c<+fP3lEUM}mn&ˉ٩7<.$82;@ZE*S}Dnu|ln9MFlzj0c7)_[(mb^;Yo<=ڣK&D]\r>CL]`798ˋ9p*uq 6^3};omS9ToBԵ. \'Mttӹ}#nw؃7@D.lLG,s(w0KɪiZHW!	ںr\"eʗwK -vCANCA̕)uBGBȦdĆڃWS+4VM}~;wiE]ÜBt욢_ox6*:*6EԹY7Γf-vom-%k*Gu=DtVT\r.pMrҵ\r ɬ\0`hQ?cx|TK<*O)c\rHMq-H5.TiYɝ.%$**y{9K.)S\"s\0VRAp%tЈMhe\\/tJUSBS8\0IƦƜT4.d|\rKN]Yµ!JX+Qz\rqi^DS!lN%.131鎗tA5͖@@oTxitzA)آĢzkشRJMP;s};]LڙX<XX|fQ2\rV(\ZgeDl;)m\\KE\\\\-7wl\\Uߒu#~_CTҕ	јGat݇jbw }~Z&҉ʍͳjqXE0*<X,	5 HMAC/SXd(QM.3Fj#3SbKU\"<N<:zV]ͦ/зTES0h<~MK\Z?[Y1gut*gTT2M{QϧIWT>Oɨ@T\nEwiFPd*o^?ľCJrOU|[_NXKյCTj%dWh_NTԅwp;oH,1E=Us*grH2?>XNȪ\'܎XSe;T{qAA9W{o#\nڧ>Y,9kz{r9a`*w ~¬O#Ts\0PRqW/1YU?GbS\'/|*Y	I_jw0ޙIG>\\n\\T}c	~\'+}pd	\nVg\"Ի7~	:qW8)8bgþ)=\0\'\0\0\0\0\0\0\0\0\0@P 01!Ap\"2Q\0?\0P   0iXVmNQwޫgzM\\;BzRU\'\'I~;\ZrTST){)I궺QOb\'c))*➊wS׏@ύ[(+tICqxknu_H#s.II</X/JKuwODs\"y]SȞ Suc[duN98DNɯѫsƮ5XY5Y5_O\0#\0\0\0\0\0\0\0\0\0\0@P 01!A`p\0?CI$I$I$tmA=[5yeuW]eVuV]pGJih#.ثUg!WC1eF6%qUW[5tqE\\5J4KkOD=ׁ-c]$h{w#١\0\0;\0\0\0\0\0\0\0! 1@Q\"0APaq2R#Bbr3Ss\0\0?\0vp=kKFb*&]׺\0\ngj4=:0cB#b6jt<D沘RZ݊ƬPm1rH\0I=,]x.1[Qw+\\IB5LfQUGQ\n~1r4aDFbc1ڽ48tXKSiQg~g6H.<Mx}jEZ\0Z4I0	1(¬PX#\0F\'w9\"LN+soi\r8-*FbB%;1/P*ϐ3KT2.@L~ٙ|b5T:sps/̞eg\"\n 0\n8UxTA\\!J`N3Q.+EVZ⢽G. {_L9JwQ\"Zkc>eqi,Tb/.֦X#x|\"(C0+%Xn&5(joPC07,/2|XEb\Z(p\'PD*Yr.hVۣh=\'QB58gFکW5ޙR5ఫ5 ~D^>_C{jįᣐ9q,.B)F;&3gCqUڳ7Dg&\0\"\r\n\Z.\ZzH)!pɥᢴ.yW5BrDxDF*SN[\nfLݺCmI1Va5Mt_Ʀ\r]TA2O\\^B{Gk[u[+,jT:٠/g/d 8uEv~bzm/V\"J(pP\n\rlVHtB:(S3ժ4oy%%B\\\r͛]\rXW0J+?㸈0*05~$):WkY^ThR(6nE(wq\nf궶TZA+؅Q{壁v-Gp\Z!~B3}B ˗8+AԔ0ԘnV)0$(\0U#\0:\'?S \'7=1]u,::w}p>#zhM{k9>Φ:5Db!Gzr}AG®X\\`F\Z!TF*?Du-Tx=@qA{#!MI\"0Vu>!5o^TqtR2TM\'ז</(/~WF_@nSGߣht^cR;<=Ek(J>뇙hߣvFɣfQDX?j3<7<Fɜ;kvvMD\0up;r:_3jv@P@rr< TaWW\0+\0\0\0\0\0\0!1AQaq0@ P\0\0?!\0HM5*։Ɖ-)6%$TʄQSͬB\"tzsKo9t˙.,;΄%mݱߟQiEOhC\0$Evܗ=\r\rLfgAI9BKԔ[IM7yΰ%[dl6$O]g5)G$=v\'Rp\r)P徂Y\"DoF:u-3xc4yv=!Aǹr*Ȗ4s\nM+4ҥB(KEʏS;[K%Xdm}ltL;$\"bܥ#m9ys%.S)S1\"/.|R$U[	\0H\\PY\">DQU\Z\n#%=K+a$X)R/|n!ggkY2N%D\"1H?DƉ\\C#K(\\մ]\0\'o7(nelȗJ1\\b\"C}N|bbbDJd	Dr8*y&$&IRsiR\'C\\oF2l0W</\0m4\Z2k\rr\"c\"Y$OaY	8:cgX\":&,jD\rsF#\"ҷLYL\r,o4{HbW$$EHD LFX=DDL{r}:3Wp.IdK}E \"\n,!l!X\",C@ŗ&ZEZ<Em^eܘ}X!hB@3vys{P}Z;O\0PD*Ѷc\rpUe5.fۘUe:0%NDq?bP43iԦI\'ɋ,a\02oXЊhB\"I\'W)&3!}\'DВ_DR,R%h,G,|51272bcȘmBfۇ5_׾B`2KԎK,Xadn\'!I\'IV\\\n$B(ƥ|ĿrAf?~cP&iMNJm]N%UCaKay#I_A.R˚Hl\Z)Wl.R5mLJ/<+EEM]H\nA\"y)p(sDZ;YO(XEfrj?J*Hc)$zhR焣rB6=Tac-\\qAL	K!AG+ДSu06ahUzeHn8Vʸݱx&ߨUC%\r&Of,oa\np=g:Mbp؉p4K5n(P<AAnкP8(63_$$hЈը+7%a(Q&7R|#!M0Ώb#r\'BCԑFH~g͇=e!݊ňb1)ѱOL\'gI`N\"Gc)BV	NƠHlc!1΅wpо)CA4ͲQIfEF2Y~s̄\'CmfAj\"j C8\n1YvA={8	gs5J&ب%C!J]꾍h{X$ɌUvs84}e=zXOvA6~ɸ%-uNdrnrhLԎUKPYKCيYga^ ua33$vؾ}eMB4X(sbSټDBBHFc~)AAB}am\0K-0Ƙ(k	\ZD7r\nf: $;:KH<;\"nkP		v46z&c\rInHA-$̆K	E!P+&.ƽY+Y49{<!-6gS<#luMupq#z4k\r NET\0nKss*,XJ-?~Ťݺ*]\']} ҈6q1oa:!diY!oД[WCb(~lFyn%{J&w*\'g_BRV(Jk$&Td#buMoHf]	PJŘTs|샭=Jkby-FKw7C>7D@#v鍗c(|4yȞ4?dAu<f31ے|H9[\"2j]ؖMn%]p;\'1o_7$K\ne#j	ʕOI/QWFƙO28\r>Hϗ<\r?A{2,i:4ݍXg}_{і<}?ruC`\0^#,M[/=|b~J{=$QD\r)R&!$%Cwbt$_,I, #CmYRH0ӆ\0L>@?6,=pN%Խ	WTCllEI>ƙ+_0\0л/\nE4\Z#RϹV=4ٮoܖ5&\"/qTGd\0\Z?\nDejG}ɑAL!i%ᒆ%V:B4҄΀͗n-^{\"d<7p]\Zй{\rbS,\";3\rw$N)+߬*WKsXGacEEmʎyiqTĞ?	\rk%!M/M0ZF9A#-3iܮ4/]YMgÔH\0/9\"bu[Xe,ܨu\"Hb1,CKJb9<yd%/٘|jle`N\nf^V0Á 3$啊4Nܩב		hʼP\"X9ۍfXk1>LNqN/+kIIʋ8\Za\0hn7\\fx\"3GO\r-.-i8Mbx0>5u\nLH\Z6\"!{5hJY6KGBi\0\"7hctaV,Y\\C$t×z$mvIQ:/^<,82$\n5FNBȲ4^	˶!O_EZ%<oŠQ/\rx^#	CP0 !Wc$dG&wR/.τvNn\'CЕƗ1!+s.*y13rw>1z?sIJb	ָn,;igM?(O^`@^߃r-sq^FS_Ϋ\n2H^iq[_Z,5uՠBiv>|-~ѯCE:v3@˾I;838N~Z?Of^̳z>ctY.:HD=b~{;64wׄɻ<9MK>Əq\"߬/;Lf;blϮVMO,z\0\0\0\0\0\0\0\0\0\0\0\0\0\0\0\0\0\0\0\0\0\0\0\0\0\0\0\0\0\0\0\0\0\0\0\0\0\0\0\0\0\0\0\0\0\0\0\0\0\0\0\0\0\0\0\0\0\0\0\0\0\0\0\0\0\0\0\0\0\0\0\0\0\0\0\0\0\0\0\0\0\0\0\0\0\0\0\0\0\0\0\0\0\0\0\0\0\0\0\0\0\0\0\0\0\0\0\0\0\0\0\0\0\0\0\0\0\0\0\0\0\0\0\0\0\0\0\0\0\0\0\0\0\0\0\0\0\0\0\0\0\0\0\0\0I\0\0\0\0\0\0\0\0\0\0\0\0\0\0\0\0I B\0\0\0\0\0\0\0\0\0\0\0\0\0\0I [E\0\0\0\0\0\0\0\0\0\0\0\0 h \0\0\0\0\0\0\0\0\0\0\0KI\0\0\0\0\0\0\0\0\0\0\0DE@\0\0\0\0\0\0\0\0\0\0>m\Z\"f\0\0\0\0\0\0\0\0\0\0\0u%*qdKj`\0\0\0\0\0\0\0\0\05X\0\0\0\0\0\0\0\0\0Rl@a]\0\0\0\0\0\0\0\0\0 zIl$\0\0\0\0\0\0\0\03[l$ \0\0\0\0\0\0\0\0\0`þ^\0\0\0\0\0\0\0\0X\0nj0\0\0\0\0\0\0\0\0}DM)Y11\0\0\0\0\0\0\0\0\Z\"pѵZʀ\0\0\0\0\0\0\0\0; \0\0\0\0\0\0\0\0D(HT\0\0\0\0\0\0\0\0\",3rңB	x\0\0\0\0\0\0\0\0#]5\0L\0\0\0\0\0\0\0\0\rN~S		49\0\0\0\0\0\0\0b>X19y\0\0\0\0\0\0\0Vj6.\0\0\0\0\0\0\0G`֯\0\0\0\0\0\0\0\0N8!-O\0\0\0\0\0\0\0\0F6ݳv;;\0\0\0\0\0\0\0\0\'P-XQ\0\0\0\0\0\0\0\0@ҟA\0\0\0\0\0\0\0\0RD\n?\0\0\0\0\0\0\0\0u ^b\0\0\0\0\0\0\0\0\0I8p2\0\0\0\0\0\0\0\0\0 zSx\r\0\0\0\0\0\0\0\0\0C,yS\0\0\0\0\0\0\0\0\0/\0\0\0\0\0\0\0\0\0\0LϚФ\0\0\0\0\0\0\0\0\0H4]\n \0\0\0\0\0\0\0\0\0 \r!\0v\0\0\0\0\0\0\0\0\0\0\nP\r\0\0\0\0\0\0\0\0\0\0ڱ\0\0\0\0\0\0\0\0\0\0\00pî@\0\0\0\0\0\0\0\0\0	9ϒ|\0\0\0\0\0\0}E=x\0A@\0\0\0[Ke\0ޯ&^F\0\0\0O}ӓ-I\0Em/i>2$}$HLm%￠(9>7R }@];\0ԅ	H\0m}|%Ad	i$\0JGHKe\0$}\0c<$[\0$Y\0Czk{Zh\0;~	җ=KlH >yϽIH O\0666-/C[mH\'\0\0ۡH]$	$_f<x*~nK! IuldRI$\0\0omMKZ9,I\07lզ-ZIe$\0?\0oS=֠vY$	\0\0qT~IbP$[$\0O\0\0\0?dK%\0\0\0\0]IeA$\0\0\0}Y-O$Ii HmťRn[dj*.YmB	\0>om+%mKe\0m\0XZ2%H\0߭Ieme6o\0\0\0J$,Yl!\'\0\"\0\0\0\0\0\0\01 !0@PAQa\0?\0/w*T*TRuAf>} kӾ5*TRJ*TN~d{\'u\n%Jq._\"ep!+d(<.2߲kx_baMcl:8u9VWqcd	sRrpcde^ɨ@_ce._˗/\r5ۅDÅFTT%˄0^)]R2dbG#[\0TG$WqPR=bNQ\"F{K  \'xרj%Bu\0+~ŕ?opMCQD\\\0j0:YEm?`%bDY.Ƙ%1\\\n_f%kQeʖD4H~01EHB0sq0e2oC.:)=Є8\\uq~D*>,TiL˅o؄ \ZHAD	SQ_u>\\Wk_R^^\nu>	887??r˃Rˏ.T.\\X?`B -ۛ|.#˗\\cY[|xUJKraBj\Z%zJK3YX\\k֩^ԿV*T!芽y^_\r+z/$\'QKo=>	Me0?K+ooryiqy  ӓ\rOP|a7\Zxwxy?!:sr|<Grk|g&Grk95>Q	xO׀\0\0!\0\0\0\0\0\0\0\0 1P!0@AQq\0?\0쾖_dtW/.\\r>._\0B5.\\~CaZ>H7IGǬC_Uzs.^>*Vz~?	+`OߤtRU01r&/DA|g㠌8.>g|3@!̞D,0o>q9ED|>Pq\0gTaW0Y\Z-NPXDp\\n.0nT-\\:xpå.^Dk~a:b7oY0\r%\'>T&cq*:\\KZo4ueBⴹrBZ.X @pa>zeb̸B#sz\'>&+J,tBRoXO^+j\n*<t\"J+JJ<UK<tK%%2R.W2(bd\'J>gkyH	綾b%ȏ0}JXlIdSz=:;\rADz0OL=I4}K>=Kػ8؎H>4v#\Z>=Fhuzr=[p]g8{/``f^ϩ\0+\0\0\0\0\0!1AQaq @P0\0\0?\0w/ZBlb\\M{tjW\rE--]h5ӬC*CuUy<WP!X\Z8*V}nk[roBQjp\ZYS%$6	\Z\'\n߽b1ު]\05iG\0\Z*/w/~jV^&q-s)znVRtxKu\np-SP2^FBU]\rŊ.VV^sAZF{\Z*Q\00kRc:ک(Lұ_xPKxnu,#ڢ;h,hd\ZUTf\0TPL҄T)@3P\'\'ҾUh-)׵9/Ar0Yx 5W.\Z1}PUAA(X	-Kf1kJQߘ@蘮\0Jim/5~\"`KPr˼z5\\.ѕtv%\"p,}噒\0\\2	{ߧe@;!E>ڮeUk+G韉muX\0+(8=*tD1Q\0kEӀ\r [Ω36d]0/_jܽ\nafyׯc|\0wveXElVVi:B\Z9a_~|K\nhpl[LZgʜR5+؊aB_Q|k\n;kWR\0<cn\"6΀{<_j;C\\LlZ<ŮwKq\0:JꀪuӬh-Ĭc^HwZVQɉ`&Do\Zy(r^x295,a/՟n :s3fPe%⾅me[t~E^kZn\rU3*3fT7_/Ŝ2{\'te@ZCG5[1lM;ϒ\0o_\0\02)Z8tn\ZTbK[:G/Ĥzi,9b+ޏQQg:]\nd)߈Dni%<p,d\rc;/#qjDio,GAGU(P-i@!l\nB\0%솠.4C&⸔ 9Sr\\3oxAÇZ7\0ȬM{xȯ4B}/voL+vd}bpc\Z@9/by}jh:TtWl4qLLqXlIiMCPjh?s,P/FwR4obX;wnr(zc5a/v;iΡ(uN2BV)pbdQ\Z䇔P%g*X7ߴDu2cyNK_ΡVd(\'P_;Df<?̰srFJC0Ua<B]zםiHb`21|S%6EwWk]j\Z`as s@_ҎEF-ٹgiPA  o:I\03[Q[^.&nUAm|x:vAaTq~_Qv{_#pƛ+Z.S[\0e=tCh/	u`%Jx]hVUwZLJ!.@C\"+G4P{A\nKI졛0\"\"ZaS!`)wXjjim)Z)MRmqPKYтVic3 \ZQK߀\0R,qZb\rc Tee)Uen%	)OH\"6Wq\"\\8-7}WU4&t}`yuB\0DuZ-q6O߂2slh&-<Ӈ ϲyM&>`]]̿z/\ZXh)9[HDP{5s!S5Ƒ^`d}egDp<ݘմL @uX~;y`m/9F Fx:s),Ko&`w+ȮeˤXCu/mB]Iw`71l.Mq/BXKpEF^WDTSSƬ%e\r:qpl/58\\mY54W$2ʅYSLFB(rK{^G\Z=7n`ddp}ߡ>_\\(|\\7Ox9|s:u0{fMhsL\0KcM2}yɯsBE.;l!m(>ZiLp20;Zrkjzao1\0ė3G4u\0#SߓT?$ߘz /M#]԰	S).bӏĒbUIm|~b`F?J_G|V\Z\n[e&	\r4.$PF\\3idWc[h~bÊP\Z\0z`!fj\ZU2FG/žj\0?>zPۨ:_$Siڣ8`_@?[>J\0S%rG3NXf\rM9*R`>B\nj<JCc x\rRgR[=:6-n	=3̨+?1,!WB?!9\"]]D b:KKAL:yc>q	/\\y#f]DǱĵah:bGQ2)\0Hk9a&\0Ƃp{IôQk0Qw\ZJ0 .Kvʸ.[?rvnXYV!>^҅DlԶV5Ը}C9u,|>c9jDEY/(W8g	BXVZ\"-6A\0D,}{&-&%yes\r+\ra^ژX5Ad)U\n\0ҵbʴǎb71;)n%-m&u23.8\0>\0{ڍ!/	)YlJ0,_,&[ \'}~exb-ywECbpNg#\n\ryϴ:{\0\0рn[>f:LjdS\"6݁IZ[J\r_9d51ˢ(10F+L+>V.m\ZdiGFFT|\\_2-i~*8WD̎1zķkUS\"P{T:!\ryRLuUvKj2rݙ[5ԹBꍊv&|\nƌvUfw-*P*KO\\-/U]>_B.0iMa7Vy/\n1nlx9YMD\'F͟f@F>{C;`5_12(暴+\n-/8S/*qٹ^y\0TDzE?2B0fზ]\ZVx:nAuR-ftQ;_W=pJSdz|!f>&Hh+\\\'C`o;Zڿ^@Ob=X\n8g3\nT꼕Oa1\r~ľ89p4xE۶c5`QLO3\0KU`ݷ1İ$0t֡P\rEEjAʯh\'x\0_cEN4n9v-u&ÎLȴ#[C$*gqۉ~ wk\\q,iy2w1\nP7kukpҖd?)sq19Te`djⱷwI]?f6\ZeQrkH-u:\rv.Nk6=Ռ\0Z`A+A2\'Yzt2N\'lZBu@ŅٻӻYO-R\'U^&ߵJ́͢^\0)R\"`]<䂰y7>_`\09FU*yf j:@W@@)8!~&}m|;%,h=\r~VrAX\ZG UcޛTb4GerQO\ZW	κek:|\ZfU8*JůwQ1vɞQ_ؙlz\r$As;l\0n.3Cz\r{}v0}܊upN:>e(`6~\"[Kpq(abTEk	P%T\0ZQx;T(k6&_o *ĠWS5&\Z/[16,Ҕs?.aҎFƶ\0|^lb(.l@`&{~)Fxc*9\rj1kbU!X7p\nXpJwV(׊*PHlrg1R13qQF_)%Aj\".}!ǳA >\0M܄UP0\"P\0AIl{mA{VuSc|b}ذr)da͝J&\ZJ<	h[9!\n:PJbGmnB0~w7M*P00m,QiptxآP:?1\\s+\Z~p@\\EiF&~ikȲeh;ߧX`_݌rrq䖳͓yQث}/G2(fg!SdUt_g@@ZP|f.K\'\0P`%>Z׺d2y\\X.3\nC\"!~0k{ˬyX,\020Rech3z4=,x6F&3_P\\Rԑ/\'|˭ɗTG\"BE.hw+ɧW\Zǣq18Pj-B0`mheKOL!\0zmq\\}>S\nՕz\0kubzW-w3~dD#;zg~﹎z/C6%r3za\ZC00g5\Zl!|BBC9<v\0H/_*٭qX@Wcw=jpZ(qȎOeh3{4VXTi@mr\rIp:(DG\"suD&6ÏD520WΥ3B\0(ŘXn0KL֠|#%b@j\nb5\0P bfȄۄ<kW4xj?$sac=ы}bO0Rb#l?LUVO}˚nR.ѨF7uf\r>q- K?PQ_qoimCn&ʭgeV)}X0j\'=`:2{)JQ?OryU)*UDF]en\0t͡scR.z+N)\"ss5ˈ\nљXOS|A}pe}8T,<>\0\nf0M<!OUVb,L\\f?j;[ypknzWu 3	Ϙ8ebSbD[/fJ59ʷЭ<~rЁ3YR]|>鐶s9<J\Zx@`E\01¾߈ 8_@1ӹc)e{z}\"`ɾ3%&K̸g saGU1\nG]K]1Em?Yec6jq1.\0#(/TorS1y@of`:z&#<0R1;Mz_xJYNfTʙb0QiqDsцR\"4!9Y~6~1#\'ոZ֩3\r#}jwZFωϧ\'1b[&#q5ļ}н?	M-ydJO]O}\\*fXa維>	:-:zTqji=T]=\0sw3?~`2\r]uS,SXY\0\rsz2T/eMǭN=)U:N91ĮY8Е2_}.ley\0f`;εa۴\\\0u>I/\r3_h;mx;lN%W\rg*#bR -qD&go}Dг cEke#^=8>`{שvc\rUK%jkuC?)Yp/z\Zaj\0r%<6QzmQWXÏKCsL4V}.{\0ȿX\0eh2M]?\'/}1s~ĭ<JPc%sbVOy:%И5:{ϼp]5U0VqǡwOe3L@{gE\\깱KW鈕c_$VMBY/QWGs۞Ӊ\0g8gf+.sqa^C!Ԧ(Ε\0dY\0z1CЋM*}\'\0SN=C>%k,!ss	+;8suB}rv5%+΄VaW>m\\AØKtp!	Sgx(bK~ubK0S?8pttU7+$TxĥԘqW|k	^328-oBslNe<8H4:O|*8\r|@ģas֪\'?\nߘ6SĿ,w,N7Y\'vLN#}5r<zmjMǬa0&@rEͱҢ-ͱVfn>Ӭxz*OsӏNpǧі\\s\0<1éS^5__K_{GZ9Վ.OKW.\rEʆh|\\kշ5,[r쏏x.>h\nߩy:-g=T;\'ruӉs~\0%JF`c&:qznU?{ѨP\\e㈯KK?aw57:t|)j\ZOy2r\rUkm3TV<q}6m%~_q=As&8ߧyƣ[.%\ZXHƽ{{M/=!`0?ϺNEx,86[ӏhW׉%?>\\s>޹u̼ŋ.Y]\"Ǽj\Z3c7s3ϤE~ \rۇ/?l`j+劏7SgxRͳWV%߼\\m`'),
(3,'lourdes@chat','1111','Lourdes','Chavarria','Recursos Humanos','molestar','ver series ','https://emayores.com/wp-content/uploads/2017/07/wifi-150x150.png','2000-05-03',NULL,NULL),
(4,'hector@gmail.com','1111','Hector','Rodriguez','Desarrollador','ajax php html','futbol','https://emayores.com/wp-content/uploads/2017/07/wifi-150x150.png','2011-07-15',NULL,NULL),
(5,'','','','',NULL,NULL,NULL,NULL,NULL,NULL,NULL);

/*!40101 SET SQL_MODE=@OLD_SQL_MODE */;
/*!40014 SET FOREIGN_KEY_CHECKS=@OLD_FOREIGN_KEY_CHECKS */;
/*!40014 SET UNIQUE_CHECKS=@OLD_UNIQUE_CHECKS */;
/*!40111 SET SQL_NOTES=@OLD_SQL_NOTES */;
