/*
SQLyog Community v13.1.5  (64 bit)
MySQL - 10.3.16-MariaDB : Database - bdproyect
*********************************************************************
*/

/*!40101 SET NAMES utf8 */;

/*!40101 SET SQL_MODE=''*/;

/*!40014 SET @OLD_UNIQUE_CHECKS=@@UNIQUE_CHECKS, UNIQUE_CHECKS=0 */;
/*!40014 SET @OLD_FOREIGN_KEY_CHECKS=@@FOREIGN_KEY_CHECKS, FOREIGN_KEY_CHECKS=0 */;
/*!40101 SET @OLD_SQL_MODE=@@SQL_MODE, SQL_MODE='NO_AUTO_VALUE_ON_ZERO' */;
/*!40111 SET @OLD_SQL_NOTES=@@SQL_NOTES, SQL_NOTES=0 */;
CREATE DATABASE /*!32312 IF NOT EXISTS*/`bdproyect` /*!40100 DEFAULT CHARACTER SET utf8 */;

USE `bdproyect`;

/*Table structure for table `canales` */

DROP TABLE IF EXISTS `canales`;

CREATE TABLE `canales` (
  `Id_Canal` int(11) NOT NULL AUTO_INCREMENT,
  `Nombre` varchar(100) DEFAULT NULL,
  `Descripcion` longtext DEFAULT NULL,
  `Imagen` blob DEFAULT NULL,
  PRIMARY KEY (`Id_Canal`)
) ENGINE=InnoDB AUTO_INCREMENT=7 DEFAULT CHARSET=utf8;

/*Data for the table `canales` */

insert  into `canales`(`Id_Canal`,`Nombre`,`Descripcion`,`Imagen`) values 
(1,'Cafe','Para tomar cafe',NULL),
(2,'Futbolin','Para jugar al futbolin',NULL),
(3,'Ping-Pong','Para jugar al ping-pong',NULL),
(4,'Fumar','Para fumar',NULL),
(5,'PHP','Cursado PHP',NULL),
(6,'Java','Cursado Java',NULL);

/*Table structure for table `conversa` */

DROP TABLE IF EXISTS `conversa`;

CREATE TABLE `conversa` (
  `Id` int(11) NOT NULL AUTO_INCREMENT,
  `Id_Us` int(11) DEFAULT NULL,
  `Id_Canal` int(11) DEFAULT NULL,
  `Mensaje` longtext DEFAULT NULL,
  `Fecha` datetime DEFAULT NULL,
  PRIMARY KEY (`Id`),
  KEY `Id_Us` (`Id_Us`),
  KEY `Id_Canal` (`Id_Canal`),
  CONSTRAINT `conversa_ibfk_1` FOREIGN KEY (`Id_Us`) REFERENCES `usuarios` (`Id_Us`),
  CONSTRAINT `conversa_ibfk_2` FOREIGN KEY (`Id_Canal`) REFERENCES `canales` (`Id_Canal`)
) ENGINE=InnoDB AUTO_INCREMENT=108 DEFAULT CHARSET=utf8;

/*Data for the table `conversa` */

insert  into `conversa`(`Id`,`Id_Us`,`Id_Canal`,`Mensaje`,`Fecha`) values 
(99,1,1,'aaaaa','2019-08-30 10:19:37'),
(100,1,6,'buenas','2019-08-30 11:59:50'),
(101,1,4,'hola','2019-08-30 12:35:21'),
(102,1,2,'Prueba','2019-08-30 12:40:18'),
(103,1,3,'Prueba2','2019-08-30 12:41:08'),
(104,1,5,'php','2019-08-30 13:32:11'),
(105,1,4,'fumar','2019-08-30 13:32:49'),
(106,1,6,'java','2019-08-30 13:36:03'),
(107,1,3,'ping-pong','2019-08-30 13:37:05');

/*Table structure for table `migration_versions` */

DROP TABLE IF EXISTS `migration_versions`;

CREATE TABLE `migration_versions` (
  `version` varchar(14) COLLATE utf8mb4_unicode_ci NOT NULL,
  `executed_at` datetime NOT NULL COMMENT '(DC2Type:datetime_immutable)',
  PRIMARY KEY (`version`)
) ENGINE=InnoDB DEFAULT CHARSET=utf8mb4 COLLATE=utf8mb4_unicode_ci;

/*Data for the table `migration_versions` */

/*Table structure for table `u_c` */

DROP TABLE IF EXISTS `u_c`;

CREATE TABLE `u_c` (
  `Id_Us` int(11) DEFAULT NULL,
  `Id_Canal` int(11) DEFAULT NULL,
  `Id_UC` int(11) NOT NULL AUTO_INCREMENT,
  `Fecha_Inscripcion` datetime DEFAULT NULL,
  PRIMARY KEY (`Id_UC`),
  UNIQUE KEY `unique` (`Id_Us`,`Id_Canal`),
  KEY `us` (`Id_Us`),
  KEY `ca` (`Id_Canal`),
  CONSTRAINT `ca-pk` FOREIGN KEY (`Id_Canal`) REFERENCES `canales` (`Id_Canal`) ON DELETE CASCADE ON UPDATE CASCADE,
  CONSTRAINT `us-pk` FOREIGN KEY (`Id_Us`) REFERENCES `usuarios` (`Id_Us`) ON DELETE CASCADE ON UPDATE CASCADE
) ENGINE=InnoDB AUTO_INCREMENT=31 DEFAULT CHARSET=utf8;

/*Data for the table `u_c` */

insert  into `u_c`(`Id_Us`,`Id_Canal`,`Id_UC`,`Fecha_Inscripcion`) values 
(1,6,17,NULL),
(1,5,24,NULL),
(1,4,25,NULL),
(2,6,26,NULL),
(1,3,28,NULL),
(1,2,29,NULL),
(1,1,30,NULL);

/*Table structure for table `usuarios` */

DROP TABLE IF EXISTS `usuarios`;

CREATE TABLE `usuarios` (
  `Id_Us` int(11) NOT NULL AUTO_INCREMENT,
  `Correo` varchar(100) NOT NULL,
  `Password` varchar(100) NOT NULL,
  `Nombre` varchar(100) DEFAULT NULL,
  `Apellidos` varchar(100) DEFAULT NULL,
  `Puesto` varchar(100) DEFAULT NULL,
  `Conocimientos` longtext DEFAULT NULL,
  `Aficiones` longtext DEFAULT NULL,
  `Foto` varchar(100) DEFAULT NULL,
  `Fecha_Nac` date DEFAULT NULL,
  `Fecha_Ult_Con` datetime DEFAULT NULL,
  `foto_archivo` blob DEFAULT NULL,
  PRIMARY KEY (`Id_Us`),
  UNIQUE KEY `idx_usu_correo` (`Correo`)
) ENGINE=InnoDB AUTO_INCREMENT=6 DEFAULT CHARSET=utf8;

/*Data for the table `usuarios` */

insert  into `usuarios`(`Id_Us`,`Correo`,`Password`,`Nombre`,`Apellidos`,`Puesto`,`Conocimientos`,`Aficiones`,`Foto`,`Fecha_Nac`,`Fecha_Ult_Con`,`foto_archivo`) values 
(1,'alan@mail.com','$2y$13$TGA2FnaqkBpNsAu8jxHFl.zy0I8.G1iadX5poYkoVWe1XXAWDt7dy','Sandra','Bel','Recursos Humanos','basket php java html','futbol','https://www.okchicas.com/wp-content/uploads/2018/01/Poses-para-una-buena-foto-de-perfil-1-1.jpg','2019-08-07',NULL,'\0JFIF\0\0d\0d\0\0\0C\0				\r\r\n\Z!\'\"#%%%),($+!$%$\0C				$$$$$$$$$$$$$$$$$$$$$$$$$$$$$$$$$$$$$$$$$$$$$$$$$$$\0,\0\"\0\0\0\0\0\0\0\0\0\0\0\0\0\0\0\0\0C\0\0\0\0\0!1A\"Qaq#2B3Rb$Sr%46C\0\0\0\0\0\0\0\0\0\0\0\0\0\0\0+\0\0\0\0\0\0\0\0!1AQ\"aq2$4B#\0\0\0?\0eYB+(F1eeFVP 1eeFVP 1ee2^\0Q#2a+(F2a+(F1ee2#B\0!\0B\0!\0XIUW1z(kW%S*DhXC]4m\'pT۴KܼRu7G]#5?sf+hG&>&YM>xOM /%mT\"\\Aq;_溳\'#<>\0\0	OI>GPhϋ\ZcBzBKw2WucgG+x*t)ְOtXXA8!N B\0 B\0 B\0 B@rY[;!1}=J\"d?A^!Oĵ}g3TZ:V}X]}ۈā%ے;YGu=&Qj\'?;IOSGB@}=`Cq>sάM*Ps#[$if33\\e>fl6E[Ox㻎9t[\rd,C9كWԨIpDCNyoZIQh[c~;\rԟ\0h;$#!]#[ΦR7	]m=+{sz%p۾\ny:]ЏP5uYfg &5\0Rd4\"m\'/CxĶWQNm>Dt+2x\"si_eׂK{AG+N#:/LE+ZƖWQ<6@14$w.HJq{)KL!H0 B\0 B\0 B\0{ci{\rn䞁l\\|Tf2?+k=Vj\"}Gqbo)-$CNU\0g?vZD?+iUM:jT\"\'Jdsc2A;նZ7f5̩*x)cmG3OuyX2bl썠nrU4֩ugej1N~?PKqd*\0OcH=e]֛_8e7d3Δr;yK-{]<\\+\\G\"h\Z;!Uqbv{ѴA${*8^T	ȯ^VR864`dCR2G{= \'U1}56^*h$}MD2tu_9\rz+2Rtt$|}t.!Eޣzs[i\0/[W_`fc^\Z~\Z\0y;Vϗ.VyꋽBp% B\0 B\0\ZTNX$SD@˵ʋJpރtKKi#\'vzh^iOxf.NJC=SY#chȉv:S4PPҷUu|<Kdc뤖ǻ\0.MYw|5>y~bKLMzzYT/e!4\roRTaH1 ΊÖsuy-i-[Vz2DZp@$\r%rd;}i9p&cM]30@L01hܕ$`k2>ihdt=<mжVF1?\\YZZD\r+tpGPN%Cq)ckۂ#Kb%Q`Él\'N֛%#^Ioj;IW\ZGkaa;*hK${.tkS:9yTU_~>SkMRRIM?Vl*#ʪB!@\0!@\0,qmQV턏~&\'u89Ew+2\n$15ي<BxYoCA2QUSP\\<5V\\(ppiW7?\'eNTbCjk#LD=\\y+벫|)C3K:V+2A|}<zn\nk]2(1v5lr=	;\0E1{Y?Juqsp\0(ajƓ\\m䕱=dx\'S$CdLysEȥo[NmrT2W,ߪV:&2=E7m1Mhmhl\0sO57\'O<%ʢ9 7H{NlRF7eC\"kX7V/i,8<HƟ=օ#\ZbIcw\0֞\'?L\0Ozc5;u[pT0%<+.֪Jd5K*J0x<8B!|!\0B!\0BfhwG`SGv3]Xxah0VG˷ǓS[/2HiGosJ8q79MR=\'\r~ĳˑӴfr:P՜JLϔ7\0/I󟋹bs8c@/=\0fyU\\bۖU7VpkƁUZ3z\r1֛{3<J֗Ffy=X@!S1p-_k}Cxhi^C\"iSS$ü9Kx⺛eUf\"s\Z+\nm\nJx|	)$k)|y);Ǐ]rW-k3Q<fs P55(\n`4nmYSҲ6E*1<<egH~b-Uwb3<WMVx gw䦻eKjoSMSY&\0wox).	+k$hKb*0\"!\r<N\nnu;90\\|Q\\\06id#)&ٕ\r:qBMt1쑹8QNօEFn	5e4n0TCs{(Rɚ[vgu;g$/Hv!wO.GBs/=\\iq!Z?dw	3AZ|2P;D.BQAB\0 B@0H\0nWA5W)e=S@vR\ZbqyOH`nt?3s\\~pHm)ڗ䔶Rp%6w6LLc\'O̔&3WFP\0yѹ.i2寕Կ÷@\ZD1pݔk[}\0gwu{Q@\ZUs5qCx0IMESU.Ys3\nܨ\'Sc#8$\r&eu{uuf%jhQPڪA{|ֳ˝ISXq$5GŤP͖\"cm~O!`32Jq(/qh>6Axmsy;$(,2JlV=4{/R\\MHDB]ݵs6*ӥnF%9W#UaZ£̑BߩZlew@I%9pmJAkw+m=ۏQ^5AA:t(FDSЈ!cuZa~2Xp.*8ʩbyv՛l)^I>F\nS-76r\0.mnSw\n:v??5fTR ӮDʖaQK9lk]WujId<B\0 X@\r|O!V[,y䭩Zt^;櫼s8K:\rQ,c>]ZWXcK yTԵ#$e߄|qm֭fwFU=Q\ZV3\0|7e|L6P>D0	oV͹/jFE}1\\#pn2wuOz\0XE7ٵLruz$.I.\0YXt0HSUvd5ѱvI=Qbj9FתW-ۖUQRm|DܴO$\\gc,x4dUu\0Zf_`ׁmn]ɜ&r4i.>tx^մP0xN5N1A蝝Oa _k[#R{d\04i7#S[;`eSwG)T4V#^\r=0	oA\\^&)|gQk@KQqz\\868f9)\nv%R&(^{*|[|4VLV!\0B\0y,~%t<5;ϗqv\'\Z#\Z\'jw|%)/\0/9\\jvHOE֎p^hceSI\0$I:\'wd#1+54){RXдa=<p-[kvߢ73ofW\\csaH@t]|-G򴎘S*y8Ϣimsl2ASHջ҇v3WGGbݣ~jxGJةh\\sxI_GU\rsA;g3|:\r-	RLVp:=j)tO\Z4K>2FG \"SdlO-9i\n!mS#];	Nylnċ.1VV$aO/s}RJH4 |vގ_ڻɈ8)V$Nv)EllW#r6	F|:|tH#T \0p\06IQe`J]r^}롸@sdc;UpNNZ^5[%84?BB!\0GT#8H?\0)YWkd}d\0$R30\\d\03!SGS-Bϟ\\?SEX-u*afj<8~\".č\nK^]YW`u\'NZߐ^I^7g	qnB*U0!*HiiuGOt;FŜCr\\\Z7*]P;&\'&#6~$CUm|h1y7X`s.kH*l=5ޝ}ZnXcsSBo}N\0]f|opUkWTЇK\\ݎZ\\K`,x\\열.rrdWx.It7\nw\\`ͱ+*xc]`Mtј~3n]rT{rKN*\"mVMC;\0dب\'$ru됕MI/\'I)4?q[*CqGm=CNqϭ?x}pjk9ٮ :s]4`S\Z$bv[WMm^qm(|l/4}{di$9z=\']B\0!\0PPj7+꼿rvzc4#g5yI94ar\\U\0kXpԵ-zD&Ovꙩkk&.\r?lczwn\'Xq{]Hwy\0Cg5s_V,yiPU,Zj2\0V8P,	\\7i}ɜ\ZxbQlXv\'Vnm\ZZRRn1r)RLn\rU\Zㅯ#r\"uu,m2_8ڜ;\'8^_1ƞI\ZOS\rG5*U[V9{Sj˴zI\'a(crKο>T;G_qTp0MIH\\BI̋Ý]i*ORuoJ$yKN\0x\\Thpݺ ꁠljwy<+E_Ǒ:npJn|\n^4B!\0BN@*?E\':R{	<ʹEimqFzL_IJR:Xivܼkt.5˟rbrS4j7KY:&sQ|mt5*}G{`\rh& (m<}ۚ=/dsO+\\.P6ʧ/՗#Kfpk-;[kPMO%#pk!HйeI$\0Sod%3p/R[^2׻\rp?)uU652WZ\0\0diw+oy$9z .$5sötz>sWsq^ޢgw۪xϽ5\\uM]CIK.Ϥ!1DyВ2(ʔn`(GTl@?Y$fm#毞Ķ2|qHCy\'0ppWc76	LNa	ljr/)mesO!J(!@M_]\rjL/q>K6&981%܀T7l=Cr++k4t\nhA\\uێ/.!{Oa2L|X\'?\rF]6WRݝK%jpƒ)e\Z+3\ZOW8\"5k1ƂS8-+.gRX]υRUiX̌\ZÂZ(kb;)dI[C\'AWǮ\'QIJWwdx褙Ԏ<$]8*OJ[4\\Bf\0IօF\ngAH؄X3	;iϪP#tSop;KjcqyZTсd9֡>I<%/SMU8	l^iZapeZ^8tGpRjܶPn1kYX\"hn)n+cKQU\"DUKg!A!4:7UW9\n\'|\Z\Z?UbֶEPUsi/r!nykЮ8ZiJ./\r\r<qy>KZ9Ut7Nkx@;ШŦ%ў̥TTFJے/[kꈈ{\0*ZZĔLՎu7O;ݜͬlwB9䅢S9AIhss݀w8~CF%ݱ|?U\ZպY=Q\'h˱Gjb(\"iI)eR[a\n)\\KGx8ώ\"6yNCQ(U3CFUgh\"i媙H4a`jRgggJQӒ3hi5hO\'H0֧m&jzV89ĩ[)c8`r[\Z3aTu[{T| o0߾\"m?\\҇Y{K4in?49C&Ji/v2HfL>9흂k]i]KN9gҋ_SM	zvnVvXf4c]&yʸ~ELtuDyklKSΨq\0<\0)	CE$Ό$cV7]ch\rXty)RN$]!,t@K\r5d<\rqOwHbH\\\Z	TcY[<9\\aReAt7ܪRGnAC]uN#Q\'?ΑM6\ZgAVFj,Uzjtof#W8r9^Q̻o^-5G-V7	io.YwhãJiFNM6UQI]C˼`Q]օ	cqj&7≧K\'4?p09q!\Z)[tt]ѩc\0$|<\rHjfZ<\\,jfTu- #+\ZVw+\0U<~fFB^F\ZSvD4yH./38M]9Ynpf1nV<%֍4#a\Zintsr0		Yi\\\'\ZZR!؄w{}G\"zk6ضτ/;ii/Bvq$sW(gIz	\\7kJ)˘0t(n@brHR1:\0\0	t`sFFJU>s|7;,k#ya8C4\Zpj)<4\"UN4[UpM;P/mȆ0>eANU\Z2gpZ<H/;zA?\'a˻ql7t `ajhqЧ7CpDt\'/&#GGݜeĻoR-\0)\"gx|OE	I&>VkA \0\0Y4!B2.	F~ci݇Tghq, +a,%p}BKZ,9ؔ# lIjZ)ZN|RILgT7u?|Q8A½oG`A.R4mw!l)ag\"O?4d.;.Nvzɓ2\ZyZAX 6+A$2ბȴkp 3qmsWȴ5ܣmNr)ǰ4c+s.q(ӿ%垧F*Wc]>K!-VRrs?i%7Z5=~ÙRGe dk\\prOAA-Z(pPh@2BFa%0\\\Z;X#+nc%\0fPpՠ\Z<#ӔY٨eۍ8}4<nƮ53iڶ08c(_I-H\Zd#ouj[T^[D\rr6K{\0s%ztsݏ<$S7H:6qˏ<,qPvih+^-9Ml\0	9!a2B<9DO\'62ܷ3?7q4z7ڨa{2JiQl§?%-OVD;LUR69O	#	v;BÝe\'R31Ǽԥ4ͤg$\0.Tl?SOUI~%V\\27!1-F\0t8?r8	TPBym7~o,\0Q\'rYb!\rnO`S\0?d8&?dr`Ā}WB4l>§{9G,{6ޣG-Gla[JvX6ɾ[}\0?dr~\\~H{KXym|tZǪ+,4ŧ&E+x>ޣUiSq\0OB.,R5/)(c5CIo**/VGKdllsF\\zUIQiJW<Ry^}O`G^cBvrsn4Ϊ]ő9	Ci.w4M&?6K#ԞhW9ŻA!%xՁ6裸PcU⯽O4RNq=jsvWnr߼\\v}>U9|5K\0U]6w*9ȁ<^*-1Ѽ:?Tp6qT}[&NRD@gϒHy솊\ZAAM#|Ԭ\nLsee9JyQoD$.`\'+bRp+@cMT/G.)SZ GտG-1#D)/^OտB9l'),
(2,'alejandro@gmail.com','1111','Alejandro','Sanchez','Desarrollador','php html','tenis','https://emayores.com/wp-content/uploads/2017/07/wifi-150x150.png','2019-07-05',NULL,'\0JFIF\0\0\0\0\0\0\0\0	( \Z%!1!%)+...383-7(-.+\n\n\n\r\Z\Z- 7-1-++---+-+-+-0---------------+------------------\0\0,\0\0\0\0\0\0\0\0\0\0\0\0\0\0\0\0\0D\0	\0\0\0\0\0!1AQ\"aq2BRbr#3SC$%Dc\0\0\0\0\0\0\0\0\0\0\0\0\0\07\0\0\0\0\0\0!1AQ\"2aqB#R3$Sb\0\0\0?\0\'1, \0d\01ɰ[rۗ\rޗ\Ztu˭3FF\":̣J/myK_=ky5{d]f<o>\'euN/ijTG=ٞ1C~\nkȥ\";&T?6A$\0*\"!\0@\0DX \0}Xm%^ER\0._Go=<e?~uY0Fe:RwVn2qkF{8K8:01	5-.iIaU)Q[k{{3u.˶LSLXB<2 \0\0 t&\\X \0B	@@$\0VI%\"xF\rEB*rVpPu؍K(w!mȺu^~\\稃˶{`oeV[+Д4`$%MbDB\00\0@*b\0\0\"@!\0q\"1?vYVF?	\0b,,=<dt!#OMGmzG__î?FuG=Ws8։S\":VB	`A`6\0<!\0\0b\"ݺUw\0C^[I\"雌MCJRO}{9ϻpu=Q%V%)<#GdrJ[a6\"Tُ-/ܸ}ze7ەEVp3[Y}^=8f^:iMphNqktaqiyX/님yLx%Fd:@r2#E`\"D\0!\0HRe$$(ҋVkptrw]/~}Qw\n甙13TYEVP[hnx&z9\"K+hAx\0K\0X#1\0  $ 4}q\\mw;zxtVԦ0H,]Mrd5Vu7.L8OsIIhz8e`Dhn0INN#-J܋4pV_KZf;Y$\0{E]f,.د\0hZ(bhf/zH	ϙzb$:8|iuT1i@	4\"D$V@A!\0h@HD@cIyukI)+-?~~}_nX}&[,k3E6BWs|WĮdQTMdZRe\",aH@8:K\0 #!\0Ȉ,5=<ڿw:4=RKգu\'G&r|J\"ndԾ½#RSzI?f	2S\"ڌLrd6MoZɢ\nn2R\\gjmbhrmof?ﴷQJwze5fk[yhjJ45\0#B\"q\rW2*J	GfD0Xk|-sTmdHLЉX\"@9,c6q*%9E}^6hu\"d2ٞ>NjnK1hb34sYw%ŕ ,\0:5ȑbb\0E,B&нU؛}M:8~ShQ:F?V~5Xr}63{##M.R\ZH\"Go??x&ʳʗ\0ɣMoL\Z߶bK9CQvO6&189|H%ܡVȲvfKBHT9[Eȕ$d L)h؇\"\"9 9myY~Ys,?֧5j%ݴ~\rO>/TtkyIt5J܁ѵɵs[,FdS\'@BB\0\\7-H1\0  Xe.ͯ١^\Zef~V_#۽_se1HV.e,Q\"L`O(\r^MUa-d3fj*Ľtu,w9G) [iѫYϙВx/rb,Fb%aE,m \\a\\ac+\'fy~%lC\"\"9 [ePa[ӗ(3xl\r,$lDyiV~_6b`{L2X)dGP$k.\Z\"DB  \0! i֗_3nޑI/CH\0sg7\\Ǩ&̨LD&L9)ǇkK8%	8K^<Uu\08NV)[oNz?v[j$,7Fb\"ɆGi2Bf+bAPY\"3[,H$DMHC \"8쉜!SR\0x^h(PNUbF\0k?f;yf}[as(e\nHĈ\0~LDL\" bã\\\r4O|\r:G@uN&Q\ZOܫzkIblSɨ##Mg.e$ld2d@!/-:R:^QmV<&M5RgRRYGGFgѺ~~Lu->~VՏj&^E)\"ђ)Lq,-cudysS.(T1iȥY[Y1ȑMd9OJ\'	DcC V#:BIlg\'>ǻ.p9L\"!@`@fX X#@D@\0J\'j|ػK,Z#PvΡaËN=6f\'8]=Lw^&MP1AH\0`ܳ0t{.u7ĥL|Kf\"\Z٦z;_z=vFE\'NRG-OCgEӎ5{+[sq7EoJ쫼L=jV+2;$m%v{\\IIEVJm:wԢ&,Q̶LJ0YYSE*(%ӨRz,]f%uIGՉ)Tu*ΫRR\0N_SG%t_B\ny{%r\Z0\n+d2Dv,x@$$i&b-Dd@ L\0XOe-ij\n]-?@O>ƜI&O@k(\'iOD\00K3jVɜ32º6l^~L嵘tr[2b@b0DX <\'\'~h|Fziz,hh֧Z<\Z{MQ<*m|5I9\rVd޼JrB2ݎdz)Gm\0۩+}J\\b\nF>j\ZSOhrI>LeКoBN(f2T\'`qoAߏZ>|<Ne).i%29PPZ\'I\Z^O2!/z,%G~U#?[#Ty-V3崴3V<S٣/h/\0XC3˜:2ȬA`Aeb,\0\02b\"`.E_jo_\r<ƎΪGOM>cН^\\y_[mG)$eEҩתxz6\nlՌZ`SE9@CdD 	\0 Gx}{jl]Pcx.YzKG=nٖpnRa>^̟ޏijY^\0K	sU.,!Wir#Wg6pEMXKf+kErEȕ#ӌ<^[䬼C\Z~3h|*;ފ7	ϭ\Zk[O|ʮ}oAp1M-h<bDA& @\0:4ȶ\0D@\0X\0.+bOttY/Y=u\n>e	BKU8NUϭp\0?`C]K)Jpv\\\ZhdzF	VY2M(dGDD\0qB\0 <	x|lھ\'_Gх/i}KatYZ?KT޶{Mb\Z=7,sNWW]Zj駴wǩ+M,clRF+z}>g*U\"XzRkjo]{Fz(wڡۿǩi9INMۻg8lDa9n~\r%INo|w9Ӗ^KL<eL#\0[\0`6D@\0beI\r}h.On!(Qo\\wRR\'uQ.Y8,3t磮vmEn$ywG?o	t㽗iFS]%)\\`\"@C\0B\0Q\0C=ay%mJ8Y(̾qOMvxGlo2ܗ\'UصCہ[^a:A9;%vމ%5rȷ!^&ٿ]d_Ǣi|>_jŎ	XsUt#>ϲxZFI3,\"dFb\0FG 3(hNst`#u\n\\ެv՝ᲯkO=.3s}2qm~\rr`:[ѷ4Ii*ӳ\n/\"\'TF}NRr05$ \r \n<\Zʙ% KWZIsdm:x(>zVҾ\'{OM5Wep;åOi)i|b\'9tVMV(97\'no{0G5,h(ldD#H\0T\0y0\0\0F\0g\0x}eQ/{ۣ2.1#w}Zf\\2\ZLL&jۚnkiúkvyb\\v7Q3sNo1KyU%騵\n\Zi\Z_[~D#<lʜ>Q	,j|HۧMuCt=wNw04 SP!\0\rc1PRb=q}S;e5LStӅ.\\jvϳ잗CO>]I|˲p;֢&v\n7-ˌK[QYe2غҭ7R]< $ay9X36J$DA\0(6\0\0\0Bb\0GD 6X?akM~\\NP肉[SpQmYq9\"$3_4Y%MMFu7(9(Ylg7	JI}O75lv\Z%Nyı|wIYE%e]^1&\\yGin+t-Q5>Ѿ?TdVzHKf/>};>Gh\'JsК\'BE\r4 \0VI@H@%ZڔRK͒%7ܠzUhGKw|>\Z|%ܡi9r[W(\ZmJWJUtŶ(:֢5ct۩^bJQYfOyr0[.=u9iQ36J\nDqD@\ZB1\0F\0tA\0\"\0D#1?$mMYZJOѦTF1kw ؊4\"$\n~H.E3UdU+XҕWhK_u[Kg+3^\\B筬Wi(~\\6f;\'[W׽R?=,׻M[*=Guj+\0rL\ZqfV/ޟVF?PGi?%dt!bS)AvFFt\n\\AdkRک)Ir\0ק\"4Ic\\ZXCt4ƕ%ҡ]+sL+U\'k|!>51ݙԨLe:s\')=%`O,)<@ȆGHH,\0<\0\0` \0#\0\06\0`\0K\0}VJ4ۆig]UOvo-ïz]O_ZJF}V^{ߛ3O]cbjجbg?Zr}ygd<Jr,T@Ů5!I/>&ڵCinRrѩ[/ݗUgF]SMX\ZKh0pEg~SDiT_q)z\r75k3,A_a~\'d>REpǑgI,!\'VԭcxKpm.JlvBN+K5gs3u)lq^<_Td,\ZR,JT@H\0\0c\0Z\0\0:#\0b,\0\0\0\0\0$! \0\Zm\0Z\0\0{OԜ؞OB]d=4N6J<2I+-2ViZ/ZpPOK_.zXqt×I\0a>Å)y	GЉ[Ri%\'/H\'$Ev\'8n݊뮗\"jfت9Mrr|ܾfyNRyo%N\\8Y`{d{db\0\0\0-\0\0,h\0:$\0@ \"\0\0\0@\04,\0,@\0\0 \0\0\0Z\0\Z`\0Xh`0Z\0\0@\0l,24< '),
(3,'lourdes@chat','1111','Lourdes','Chavarria','Recursos Humanos','molestar','ver series ','https://emayores.com/wp-content/uploads/2017/07/wifi-150x150.png','2000-05-03',NULL,'\0JFIF\0\0\0\0\0\0\0\0	( \Z%!1!%)+...383-7(-.+\n\n\n\r\Z\Z- 7-1-++---+-+-+-0---------------+------------------\0\0,\0\0\0\0\0\0\0\0\0\0\0\0\0\0\0\0\0D\0	\0\0\0\0\0!1AQ\"aq2BRbr#3SC$%Dc\0\0\0\0\0\0\0\0\0\0\0\0\0\07\0\0\0\0\0\0!1AQ\"2aqB#R3$Sb\0\0\0?\0\'1, \0d\01ɰ[rۗ\rޗ\Ztu˭3FF\":̣J/myK_=ky5{d]f<o>\'euN/ijTG=ٞ1C~\nkȥ\";&T?6A$\0*\"!\0@\0DX \0}Xm%^ER\0._Go=<e?~uY0Fe:RwVn2qkF{8K8:01	5-.iIaU)Q[k{{3u.˶LSLXB<2 \0\0 t&\\X \0B	@@$\0VI%\"xF\rEB*rVpPu؍K(w!mȺu^~\\稃˶{`oeV[+Д4`$%MbDB\00\0@*b\0\0\"@!\0q\"1?vYVF?	\0b,,=<dt!#OMGmzG__î?FuG=Ws8։S\":VB	`A`6\0<!\0\0b\"ݺUw\0C^[I\"雌MCJRO}{9ϻpu=Q%V%)<#GdrJ[a6\"Tُ-/ܸ}ze7ەEVp3[Y}^=8f^:iMphNqktaqiyX/님yLx%Fd:@r2#E`\"D\0!\0HRe$$(ҋVkptrw]/~}Qw\n甙13TYEVP[hnx&z9\"K+hAx\0K\0X#1\0  $ 4}q\\mw;zxtVԦ0H,]Mrd5Vu7.L8OsIIhz8e`Dhn0INN#-J܋4pV_KZf;Y$\0{E]f,.د\0hZ(bhf/zH	ϙzb$:8|iuT1i@	4\"D$V@A!\0h@HD@cIyukI)+-?~~}_nX}&[,k3E6BWs|WĮdQTMdZRe\",aH@8:K\0 #!\0Ȉ,5=<ڿw:4=RKգu\'G&r|J\"ndԾ½#RSzI?f	2S\"ڌLrd6MoZɢ\nn2R\\gjmbhrmof?ﴷQJwze5fk[yhjJ45\0#B\"q\rW2*J	GfD0Xk|-sTmdHLЉX\"@9,c6q*%9E}^6hu\"d2ٞ>NjnK1hb34sYw%ŕ ,\0:5ȑbb\0E,B&нU؛}M:8~ShQ:F?V~5Xr}63{##M.R\ZH\"Go??x&ʳʗ\0ɣMoL\Z߶bK9CQvO6&189|H%ܡVȲvfKBHT9[Eȕ$d L)h؇\"\"9 9myY~Ys,?֧5j%ݴ~\rO>/TtkyIt5J܁ѵɵs[,FdS\'@BB\0\\7-H1\0  Xe.ͯ١^\Zef~V_#۽_se1HV.e,Q\"L`O(\r^MUa-d3fj*Ľtu,w9G) [iѫYϙВx/rb,Fb%aE,m \\a\\ac+\'fy~%lC\"\"9 [ePa[ӗ(3xl\r,$lDyiV~_6b`{L2X)dGP$k.\Z\"DB  \0! i֗_3nޑI/CH\0sg7\\Ǩ&̨LD&L9)ǇkK8%	8K^<Uu\08NV)[oNz?v[j$,7Fb\"ɆGi2Bf+bAPY\"3[,H$DMHC \"8쉜!SR\0x^h(PNUbF\0k?f;yf}[as(e\nHĈ\0~LDL\" bã\\\r4O|\r:G@uN&Q\ZOܫzkIblSɨ##Mg.e$ld2d@!/-:R:^QmV<&M5RgRRYGGFgѺ~~Lu->~VՏj&^E)\"ђ)Lq,-cudysS.(T1iȥY[Y1ȑMd9OJ\'	DcC V#:BIlg\'>ǻ.p9L\"!@`@fX X#@D@\0J\'j|ػK,Z#PvΡaËN=6f\'8]=Lw^&MP1AH\0`ܳ0t{.u7ĥL|Kf\"\Z٦z;_z=vFE\'NRG-OCgEӎ5{+[sq7EoJ쫼L=jV+2;$m%v{\\IIEVJm:wԢ&,Q̶LJ0YYSE*(%ӨRz,]f%uIGՉ)Tu*ΫRR\0N_SG%t_B\ny{%r\Z0\n+d2Dv,x@$$i&b-Dd@ L\0XOe-ij\n]-?@O>ƜI&O@k(\'iOD\00K3jVɜ32º6l^~L嵘tr[2b@b0DX <\'\'~h|Fziz,hh֧Z<\Z{MQ<*m|5I9\rVd޼JrB2ݎdz)Gm\0۩+}J\\b\nF>j\ZSOhrI>LeКoBN(f2T\'`qoAߏZ>|<Ne).i%29PPZ\'I\Z^O2!/z,%G~U#?[#Ty-V3崴3V<S٣/h/\0XC3˜:2ȬA`Aeb,\0\02b\"`.E_jo_\r<ƎΪGOM>cН^\\y_[mG)$eEҩתxz6\nlՌZ`SE9@CdD 	\0 Gx}{jl]Pcx.YzKG=nٖpnRa>^̟ޏijY^\0K	sU.,!Wir#Wg6pEMXKf+kErEȕ#ӌ<^[䬼C\Z~3h|*;ފ7	ϭ\Zk[O|ʮ}oAp1M-h<bDA& @\0:4ȶ\0D@\0X\0.+bOttY/Y=u\n>e	BKU8NUϭp\0?`C]K)Jpv\\\ZhdzF	VY2M(dGDD\0qB\0 <	x|lھ\'_Gх/i}KatYZ?KT޶{Mb\Z=7,sNWW]Zj駴wǩ+M,clRF+z}>g*U\"XzRkjo]{Fz(wڡۿǩi9INMۻg8lDa9n~\r%INo|w9Ӗ^KL<eL#\0[\0`6D@\0beI\r}h.On!(Qo\\wRR\'uQ.Y8,3t磮vmEn$ywG?o	t㽗iFS]%)\\`\"@C\0B\0Q\0C=ay%mJ8Y(̾qOMvxGlo2ܗ\'UصCہ[^a:A9;%vމ%5rȷ!^&ٿ]d_Ǣi|>_jŎ	XsUt#>ϲxZFI3,\"dFb\0FG 3(hNst`#u\n\\ެv՝ᲯkO=.3s}2qm~\rr`:[ѷ4Ii*ӳ\n/\"\'TF}NRr05$ \r \n<\Zʙ% KWZIsdm:x(>zVҾ\'{OM5Wep;åOi)i|b\'9tVMV(97\'no{0G5,h(ldD#H\0T\0y0\0\0F\0g\0x}eQ/{ۣ2.1#w}Zf\\2\ZLL&jۚnkiúkvyb\\v7Q3sNo1KyU%騵\n\Zi\Z_[~D#<lʜ>Q	,j|HۧMuCt=wNw04 SP!\0\rc1PRb=q}S;e5LStӅ.\\jvϳ잗CO>]I|˲p;֢&v\n7-ˌK[QYe2غҭ7R]< $ay9X36J$DA\0(6\0\0\0Bb\0GD 6X?akM~\\NP肉[SpQmYq9\"$3_4Y%MMFu7(9(Ylg7	JI}O75lv\Z%Nyı|wIYE%e]^1&\\yGin+t-Q5>Ѿ?TdVzHKf/>};>Gh\'JsК\'BE\r4 \0VI@H@%ZڔRK͒%7ܠzUhGKw|>\Z|%ܡi9r[W(\ZmJWJUtŶ(:֢5ct۩^bJQYfOyr0[.=u9iQ36J\nDqD@\ZB1\0F\0tA\0\"\0D#1?$mMYZJOѦTF1kw ؊4\"$\n~H.E3UdU+XҕWhK_u[Kg+3^\\B筬Wi(~\\6f;\'[W׽R?=,׻M[*=Guj+\0rL\ZqfV/ޟVF?PGi?%dt!bS)AvFFt\n\\AdkRک)Ir\0ק\"4Ic\\ZXCt4ƕ%ҡ]+sL+U\'k|!>51ݙԨLe:s\')=%`O,)<@ȆGHH,\0<\0\0` \0#\0\06\0`\0K\0}VJ4ۆig]UOvo-ïz]O_ZJF}V^{ߛ3O]cbjجbg?Zr}ygd<Jr,T@Ů5!I/>&ڵCinRrѩ[/ݗUgF]SMX\ZKh0pEg~SDiT_q)z\r75k3,A_a~\'d>REpǑgI,!\'VԭcxKpm.JlvBN+K5gs3u)lq^<_Td,\ZR,JT@H\0\0c\0Z\0\0:#\0b,\0\0\0\0\0$! \0\Zm\0Z\0\0{OԜ؞OB]d=4N6J<2I+-2ViZ/ZpPOK_.zXqt×I\0a>Å)y	GЉ[Ri%\'/H\'$Ev\'8n݊뮗\"jfت9Mrr|ܾfyNRyo%N\\8Y`{d{db\0\0\0-\0\0,h\0:$\0@ \"\0\0\0@\04,\0,@\0\0 \0\0\0Z\0\Z`\0Xh`0Z\0\0@\0l,24< '),
(4,'hector@gmail.com','1111','Hector','Rodriguez','Desarrollador','ajax php html','futbol','https://emayores.com/wp-content/uploads/2017/07/wifi-150x150.png','2011-07-15',NULL,NULL),
(5,'','','','',NULL,NULL,NULL,NULL,NULL,NULL,NULL);

/*!40101 SET SQL_MODE=@OLD_SQL_MODE */;
/*!40014 SET FOREIGN_KEY_CHECKS=@OLD_FOREIGN_KEY_CHECKS */;
/*!40014 SET UNIQUE_CHECKS=@OLD_UNIQUE_CHECKS */;
/*!40111 SET SQL_NOTES=@OLD_SQL_NOTES */;
